timestamp,channel_1,channel_2,channel_3
1737030156012666.0,-0.48675537109375,-0.13720703125,0.8455810546875
1737030156012679.0,-0.5086669921875,-0.1361083984375,0.8077392578125
1737030156012673.0,-0.5020751953125,-0.1334228515625,0.833984375
1737030156056702.0,-0.51123046875,-0.1241455078125,0.80078125
1737030156056709.0,-0.50665283203125,-0.12677001953125,0.80029296875
1737030156056714.0,-0.51123046875,-0.109619140625,0.8197021484375
1737030156121665.0,-0.5194091796875,-0.0877685546875,0.8265380859375
1737030156121672.0,-0.5147705078125,-0.06982421875,0.84625244140625
1737030156121677.0,-0.51239013671875,-0.064697265625,0.87042236328125
1737030156164788.0,-0.506103515625,-0.0435791015625,0.89715576171875
1737030156164795.0,-0.4920654296875,-0.005615234375,0.941162109375
1737030156164800.0,-0.4693603515625,0.02410888671875,0.959716796875
1737030156228648.0,-0.4549560546875,-0.00640869140625,0.91119384765625
1737030156228652.0,-0.45709228515625,-0.03369140625,0.868896484375
1737030156228644.0,-0.45758056640625,0.0196533203125,0.9532470703125
1737030156291682.0,-0.467529296875,-0.0504150390625,0.84619140625
1737030156291690.0,-0.47772216796875,-0.0582275390625,0.8001708984375
1737030156291699.0,-0.50030517578125,-0.0858154296875,0.7900390625
1737030156337638.0,-0.51556396484375,-0.1099853515625,0.7303466796875
1737030156337631.0,-0.51123046875,-0.113525390625,0.74871826171875
1737030156337641.0,-0.49658203125,-0.06439208984375,0.71453857421875
1737030156381722.0,-0.508056640625,-0.0570068359375,0.7298583984375
1737030156381730.0,-0.5552978515625,-0.17218017578125,0.77362060546875
1737030156381737.0,-0.5596923828125,-0.19659423828125,0.74932861328125
1737030156445650.0,-0.55035400390625,-0.138916015625,0.77899169921875
1737030156445659.0,-0.555419921875,-0.08624267578125,0.78558349609375
1737030156445665.0,-0.557373046875,-0.029541015625,0.824462890625
1737030156509701.0,-0.5552978515625,0.037353515625,0.829833984375
1737030156509697.0,-0.559326171875,-0.0025634765625,0.83355712890625
1737030156509705.0,-0.5450439453125,0.095703125,0.8367919921875
1737030156575610.0,-0.53167724609375,0.10430908203125,0.8353271484375
1737030156575648.0,-0.52777099609375,0.11456298828125,0.87432861328125
1737030156575652.0,-0.5081787109375,0.151123046875,0.8809814453125
1737030156617628.0,-0.4814453125,0.1650390625,0.9005126953125
1737030156617639.0,-0.4508056640625,0.14337158203125,0.9154052734375
1737030156617641.0,-0.42022705078125,0.12835693359375,0.9542236328125
1737030156683816.0,-0.3963623046875,0.12548828125,0.9844970703125
1737030156683828.0,-0.376220703125,0.1512451171875,1.01513671875
1737030156683836.0,-0.36859130859375,0.16497802734375,1.0230712890625
1737030156727821.0,-0.36651611328125,0.1451416015625,1.01629638671875
1737030156727827.0,-0.38311767578125,0.1453857421875,1.00665283203125
1737030156727833.0,-0.380859375,0.1619873046875,0.99114990234375
1737030156770864.0,-0.38250732421875,0.14422607421875,0.97003173828125
1737030156770873.0,-0.4010009765625,0.113525390625,0.9622802734375
1737030156770880.0,-0.40777587890625,0.10443115234375,0.95758056640625
1737030156837687.0,-0.4007568359375,0.0848388671875,0.95233154296875
1737030156837694.0,-0.39044189453125,0.0887451171875,0.94549560546875
1737030156837696.0,-0.38739013671875,0.075927734375,0.91986083984375
1737030156902674.0,-0.3946533203125,0.0242919921875,0.91778564453125
1737030156902679.0,-0.4041748046875,0.00360107421875,0.93133544921875
1737030156902681.0,-0.41583251953125,0.00518798828125,0.93609619140625
1737030156967669.0,-0.40594482421875,-0.06640625,0.93798828125
1737030156967725.0,-0.37982177734375,-0.201904296875,0.97662353515625
1737030156967722.0,-0.3927001953125,-0.1336669921875,0.9522705078125
1737030157011750.0,-0.368408203125,-0.16455078125,1.00128173828125
1737030157011755.0,-0.3653564453125,-0.07733154296875,1.0084228515625
1737030157011760.0,-0.34979248046875,-0.1197509765625,0.9820556640625
1737030157055086.0,-0.3631591796875,-0.1116943359375,1.0023193359375
1737030157055095.0,-0.38043212890625,0.0030517578125,0.97747802734375
1737030157055104.0,-0.40472412109375,0.01116943359375,0.9259033203125
1737030157118655.0,-0.41497802734375,-0.01611328125,0.87835693359375
1737030157118661.0,-0.45751953125,0.02630615234375,0.8739013671875
1737030157118666.0,-0.48760986328125,0.01739501953125,0.885498046875
1737030157162686.0,-0.48931884765625,-0.0469970703125,0.87652587890625
1737030157162695.0,-0.49139404296875,-0.05303955078125,0.851806640625
1737030157162719.0,-0.49945068359375,-0.06964111328125,0.8365478515625
1737030157226744.0,-0.52685546875,-0.13519287109375,0.84442138671875
1737030157226747.0,-0.5181884765625,-0.128173828125,0.80267333984375
1737030157226740.0,-0.51312255859375,-0.08551025390625,0.83062744140625
1737030157293817.0,-0.53082275390625,-0.1328125,0.8175048828125
1737030157293825.0,-0.532470703125,-0.14508056640625,0.80426025390625
1737030157293954.0,-0.54248046875,-0.15020751953125,0.8155517578125
1737030157360634.0,-0.5384521484375,-0.1341552734375,0.80133056640625
1737030157360673.0,-0.53814697265625,-0.13787841796875,0.79168701171875
1737030157360683.0,-0.5462646484375,-0.135986328125,0.811767578125
1737030157382835.0,-0.546875,-0.14019775390625,0.80029296875
1737030157382841.0,-0.57537841796875,-0.12286376953125,0.81048583984375
1737030157382932.0,-0.56591796875,-0.09112548828125,0.7862548828125
1737030157447748.0,-0.5416259765625,-0.11456298828125,0.78436279296875
1737030157447758.0,-0.54266357421875,-0.142822265625,0.82769775390625
1737030157447764.0,-0.5518798828125,-0.1103515625,0.84442138671875
1737030157512740.0,-0.552978515625,-0.11590576171875,0.841796875
1737030157512745.0,-0.54052734375,-0.1231689453125,0.82293701171875
1737030157512747.0,-0.544921875,-0.1043701171875,0.846435546875
1737030157577902.0,-0.5335693359375,-0.04730224609375,0.8558349609375
1737030157577910.0,-0.521728515625,-0.0343017578125,0.88568115234375
1737030157577914.0,-0.50421142578125,-0.0595703125,0.88720703125
1737030157621702.0,-0.4833984375,-0.08636474609375,0.892333984375
1737030157621707.0,-0.4708251953125,-0.12188720703125,0.8936767578125
1737030157621711.0,-0.46417236328125,-0.1541748046875,0.898193359375
1737030157685716.0,-0.46722412109375,-0.1728515625,0.88873291015625
1737030157685720.0,-0.46954345703125,-0.1885986328125,0.89312744140625
1737030157685722.0,-0.46807861328125,-0.21710205078125,0.882080078125
1737030157728692.0,-0.4813232421875,-0.20098876953125,0.8443603515625
1737030157728687.0,-0.469482421875,-0.21270751953125,0.86444091796875
1737030157728695.0,-0.5047607421875,-0.1954345703125,0.83544921875
1737030157772674.0,-0.521484375,-0.1715087890625,0.8028564453125
1737030157772687.0,-0.53265380859375,-0.163818359375,0.78509521484375
1737030157772693.0,-0.53900146484375,-0.18646240234375,0.7762451171875
1737030157837961.0,-0.55078125,-0.17730712890625,0.78680419921875
1737030157838016.0,-0.56060791015625,-0.1640625,0.80291748046875
1737030157838023.0,-0.566162109375,-0.15667724609375,0.8074951171875
1737030157879866.0,-0.5638427734375,-0.15814208984375,0.82666015625
1737030157879872.0,-0.56378173828125,-0.176513671875,0.83251953125
1737030157879898.0,-0.56329345703125,-0.19403076171875,0.8267822265625
1737030157964702.0,-0.56195068359375,-0.1910400390625,0.82257080078125
1737030157964706.0,-0.56103515625,-0.18572998046875,0.80438232421875
1737030157964708.0,-0.5687255859375,-0.1795654296875,0.79974365234375
1737030158006663.0,-0.57427978515625,-0.18011474609375,0.79681396484375
1737030158006672.0,-0.57574462890625,-0.20062255859375,0.77392578125
1737030158006679.0,-0.58367919921875,-0.21099853515625,0.75439453125
1737030158070697.0,-0.5872802734375,-0.21435546875,0.74066162109375
1737030158070702.0,-0.59100341796875,-0.20220947265625,0.731201171875
1737030158070705.0,-0.60205078125,-0.18560791015625,0.74420166015625
1737030158133644.0,-0.6007080078125,-0.192138671875,0.7523193359375
1737030158133670.0,-0.60174560546875,-0.2032470703125,0.755615234375
1737030158133673.0,-0.61004638671875,-0.20672607421875,0.75469970703125
1737030158177768.0,-0.608154296875,-0.1942138671875,0.74920654296875
1737030158177784.0,-0.61834716796875,-0.16943359375,0.74945068359375
1737030158177821.0,-0.6224365234375,-0.15716552734375,0.7435302734375
1737030158241960.0,-0.6290283203125,-0.14105224609375,0.73876953125
1737030158241976.0,-0.63812255859375,-0.1251220703125,0.7393798828125
1737030158241980.0,-0.6429443359375,-0.115966796875,0.73828125
1737030158283673.0,-0.6451416015625,-0.1336669921875,0.72540283203125
1737030158283675.0,-0.6494140625,-0.1336669921875,0.72015380859375
1737030158283666.0,-0.6417236328125,-0.12445068359375,0.71539306640625
1737030158346657.0,-0.657470703125,-0.14569091796875,0.72198486328125
1737030158346665.0,-0.659912109375,-0.1527099609375,0.7144775390625
1737030158346710.0,-0.66302490234375,-0.16192626953125,0.718505859375
1737030158390674.0,-0.6614990234375,-0.1741943359375,0.72039794921875
1737030158390681.0,-0.65557861328125,-0.18023681640625,0.7113037109375
1737030158390685.0,-0.65362548828125,-0.18896484375,0.7041015625
1737030158454391.0,-0.6552734375,-0.1922607421875,0.69659423828125
1737030158454398.0,-0.65576171875,-0.1881103515625,0.6964111328125
1737030158454404.0,-0.6595458984375,-0.1795654296875,0.69403076171875
1737030158496874.0,-0.66412353515625,-0.17974853515625,0.7022705078125
1737030158496881.0,-0.66455078125,-0.18719482421875,0.7003173828125
1737030158496885.0,-0.66180419921875,-0.1866455078125,0.694580078125
1737030158561699.0,-0.66400146484375,-0.1939697265625,0.689453125
1737030158561705.0,-0.6617431640625,-0.19317626953125,0.682861328125
1737030158561708.0,-0.6634521484375,-0.19500732421875,0.70086669921875
1737030158624670.0,-0.662109375,-0.188232421875,0.7060546875
1737030158624674.0,-0.661376953125,-0.200439453125,0.7174072265625
1737030158624677.0,-0.66693115234375,-0.199951171875,0.7220458984375
1737030158689702.0,-0.66351318359375,-0.1993408203125,0.70977783203125
1737030158689709.0,-0.6578369140625,-0.2078857421875,0.709228515625
1737030158689714.0,-0.6561279296875,-0.20526123046875,0.70294189453125
1737030158733881.0,-0.65863037109375,-0.20660400390625,0.702392578125
1737030158733917.0,-0.65472412109375,-0.21240234375,0.70343017578125
1737030158733926.0,-0.657958984375,-0.224365234375,0.700927734375
1737030158796779.0,-0.65216064453125,-0.22802734375,0.69775390625
1737030158796783.0,-0.6536865234375,-0.21905517578125,0.69384765625
1737030158796785.0,-0.649169921875,-0.2254638671875,0.6993408203125
1737030158839971.0,-0.65704345703125,-0.23828125,0.6954345703125
1737030158839977.0,-0.665771484375,-0.2467041015625,0.71453857421875
1737030158839982.0,-0.670654296875,-0.24444580078125,0.72808837890625
1737030158881853.0,-0.6683349609375,-0.2325439453125,0.705322265625
1737030158881859.0,-0.672607421875,-0.24127197265625,0.68975830078125
1737030158881863.0,-0.67498779296875,-0.239013671875,0.68438720703125
1737030158945691.0,-0.67022705078125,-0.2235107421875,0.69647216796875
1737030158945699.0,-0.65679931640625,-0.1756591796875,0.71331787109375
1737030158945696.0,-0.66455078125,-0.2021484375,0.70703125
1737030159009667.0,-0.65478515625,-0.173095703125,0.7127685546875
1737030159009671.0,-0.6495361328125,-0.1639404296875,0.71075439453125
1737030159009675.0,-0.6593017578125,-0.15435791015625,0.710693359375
1737030159052829.0,-0.66217041015625,-0.14056396484375,0.7156982421875
1737030159052835.0,-0.660888671875,-0.1334228515625,0.711669921875
1737030159052841.0,-0.6600341796875,-0.1357421875,0.70294189453125
1737030159115650.0,-0.661865234375,-0.14752197265625,0.69879150390625
1737030159115655.0,-0.66717529296875,-0.1583251953125,0.704833984375
1737030159115658.0,-0.67510986328125,-0.173095703125,0.720703125
1737030159181753.0,-0.68768310546875,-0.18048095703125,0.73480224609375
1737030159181757.0,-0.68280029296875,-0.15802001953125,0.72515869140625
1737030159181760.0,-0.6715087890625,-0.15301513671875,0.71844482421875
1737030159245696.0,-0.6705322265625,-0.15875244140625,0.7147216796875
1737030159245700.0,-0.663818359375,-0.1795654296875,0.69866943359375
1737030159245702.0,-0.659423828125,-0.1995849609375,0.69476318359375
1737030159290682.0,-0.66473388671875,-0.20147705078125,0.691650390625
1737030159290687.0,-0.6673583984375,-0.1993408203125,0.6981201171875
1737030159290691.0,-0.65521240234375,-0.1888427734375,0.6942138671875
1737030159354617.0,-0.6522216796875,-0.19793701171875,0.6898193359375
1737030159354999.0,-0.652099609375,-0.21771240234375,0.69525146484375
1737030159355010.0,-0.66143798828125,-0.23553466796875,0.70208740234375
1737030159398083.0,-0.67059326171875,-0.23175048828125,0.70831298828125
1737030159397993.0,-0.6668701171875,-0.24200439453125,0.7080078125
1737030159398102.0,-0.6634521484375,-0.226318359375,0.70269775390625
1737030159462664.0,-0.6556396484375,-0.23663330078125,0.70263671875
1737030159462668.0,-0.64898681640625,-0.24468994140625,0.70611572265625
1737030159462670.0,-0.642578125,-0.249267578125,0.714111328125
1737030159504678.0,-0.63037109375,-0.2371826171875,0.7149658203125
1737030159504680.0,-0.62188720703125,-0.23333740234375,0.7391357421875
1737030159504674.0,-0.63653564453125,-0.24237060546875,0.723876953125
1737030159568802.0,-0.6201171875,-0.22637939453125,0.736083984375
1737030159568809.0,-0.61297607421875,-0.21966552734375,0.7470703125
1737030159568815.0,-0.61083984375,-0.20904541015625,0.7513427734375
1737030159633851.0,-0.6114501953125,-0.18902587890625,0.75543212890625
1737030159633859.0,-0.6165771484375,-0.19036865234375,0.75555419921875
1737030159633865.0,-0.626953125,-0.19671630859375,0.769775390625
1737030159677823.0,-0.6309814453125,-0.1778564453125,0.74981689453125
1737030159677884.0,-0.63250732421875,-0.181640625,0.748291015625
1737030159677903.0,-0.62396240234375,-0.19921875,0.73895263671875
1737030159740685.0,-0.60235595703125,-0.2105712890625,0.74835205078125
1737030159740693.0,-0.57135009765625,-0.21734619140625,0.7796630859375
1737030159740691.0,-0.587158203125,-0.22406005859375,0.77392578125
1737030159784732.0,-0.56927490234375,-0.198486328125,0.81793212890625
1737030159784737.0,-0.57781982421875,-0.18572998046875,0.8232421875
1737030159784726.0,-0.56341552734375,-0.19879150390625,0.792724609375
1737030159848773.0,-0.59197998046875,-0.14837646484375,0.80126953125
1737030159848777.0,-0.60333251953125,-0.1424560546875,0.77520751953125
1737030159848769.0,-0.58245849609375,-0.16229248046875,0.81634521484375
1737030159891670.0,-0.6055908203125,-0.18316650390625,0.75054931640625
1737030159891674.0,-0.59881591796875,-0.1973876953125,0.7451171875
1737030159891680.0,-0.598388671875,-0.17803955078125,0.75628662109375
1737030159956490.0,-0.6097412109375,-0.17059326171875,0.77264404296875
1737030159956617.0,-0.60986328125,-0.16986083984375,0.76593017578125
1737030159956623.0,-0.601318359375,-0.16204833984375,0.75115966796875
1737030160020442.0,-0.59368896484375,-0.15655517578125,0.75213623046875
1737030160020450.0,-0.5780029296875,-0.1611328125,0.74859619140625
1737030160020504.0,-0.56768798828125,-0.17791748046875,0.75628662109375
1737030160065166.0,-0.5673828125,-0.181640625,0.763916015625
1737030160065180.0,-0.56353759765625,-0.18634033203125,0.777587890625
1737030160065188.0,-0.56787109375,-0.19189453125,0.7835693359375
1737030160127977.0,-0.5721435546875,-0.189208984375,0.78515625
1737030160127984.0,-0.56451416015625,-0.19244384765625,0.78900146484375
1737030160128029.0,-0.56646728515625,-0.19158935546875,0.78375244140625
1737030160190787.0,-0.5626220703125,-0.2041015625,0.782470703125
1737030160190792.0,-0.56524658203125,-0.21435546875,0.79156494140625
1737030160190783.0,-0.5660400390625,-0.2021484375,0.78472900390625
1737030160234800.0,-0.57000732421875,-0.220703125,0.79693603515625
1737030160234805.0,-0.56121826171875,-0.23858642578125,0.7982177734375
1737030160234808.0,-0.5599365234375,-0.24945068359375,0.79547119140625
1737030160278488.0,-0.5611572265625,-0.25164794921875,0.80340576171875
1737030160278497.0,-0.56756591796875,-0.25390625,0.80523681640625
1737030160278501.0,-0.56488037109375,-0.25506591796875,0.79931640625
1737030160342838.0,-0.5670166015625,-0.25738525390625,0.79443359375
1737030160342859.0,-0.56549072265625,-0.25042724609375,0.787353515625
1737030160342865.0,-0.56402587890625,-0.2469482421875,0.7882080078125
1737030160407685.0,-0.55767822265625,-0.23248291015625,0.79449462890625
1737030160407689.0,-0.56341552734375,-0.22723388671875,0.8016357421875
1737030160407694.0,-0.56298828125,-0.22265625,0.801025390625
1737030160450673.0,-0.5616455078125,-0.22271728515625,0.78948974609375
1737030160450677.0,-0.55963134765625,-0.2132568359375,0.7891845703125
1737030160450680.0,-0.56195068359375,-0.20770263671875,0.79052734375
1737030160516949.0,-0.563232421875,-0.1993408203125,0.7916259765625
1737030160516979.0,-0.56536865234375,-0.205810546875,0.7864990234375
1737030160516989.0,-0.56451416015625,-0.20782470703125,0.78076171875
1737030160583892.0,-0.565185546875,-0.216552734375,0.7716064453125
1737030160583877.0,-0.56317138671875,-0.21142578125,0.78076171875
1737030160583886.0,-0.56512451171875,-0.21710205078125,0.77447509765625
1737030160625669.0,-0.5625,-0.221435546875,0.77374267578125
1737030160625675.0,-0.56292724609375,-0.22369384765625,0.77886962890625
1737030160625678.0,-0.560302734375,-0.2183837890625,0.78009033203125
1737030160670687.0,-0.5557861328125,-0.21051025390625,0.78521728515625
1737030160670691.0,-0.55474853515625,-0.211669921875,0.788818359375
1737030160670695.0,-0.5491943359375,-0.22210693359375,0.794921875
1737030160734633.0,-0.54571533203125,-0.2176513671875,0.802734375
1737030160734640.0,-0.53582763671875,-0.23284912109375,0.80755615234375
1737030160734637.0,-0.5408935546875,-0.2208251953125,0.7982177734375
1737030160799662.0,-0.5322265625,-0.24932861328125,0.80804443359375
1737030160799657.0,-0.53521728515625,-0.23760986328125,0.806640625
1737030160799665.0,-0.53106689453125,-0.24786376953125,0.8109130859375
1737030160844840.0,-0.53033447265625,-0.24737548828125,0.81365966796875
1737030160844853.0,-0.5242919921875,-0.26239013671875,0.80975341796875
1737030160844849.0,-0.52398681640625,-0.2510986328125,0.8135986328125
1737030160908728.0,-0.5240478515625,-0.2637939453125,0.8045654296875
1737030160908755.0,-0.52142333984375,-0.25494384765625,0.79925537109375
1737030160908775.0,-0.52374267578125,-0.25360107421875,0.798583984375
1737030160971686.0,-0.523681640625,-0.25872802734375,0.79730224609375
1737030160971690.0,-0.5228271484375,-0.2548828125,0.80120849609375
1737030160971694.0,-0.51849365234375,-0.2520751953125,0.8026123046875
1737030161016716.0,-0.5216064453125,-0.247314453125,0.8026123046875
1737030161016732.0,-0.5196533203125,-0.24468994140625,0.8062744140625
1737030161016735.0,-0.51812744140625,-0.249755859375,0.8050537109375
1737030161059725.0,-0.51776123046875,-0.25738525390625,0.80926513671875
1737030161059729.0,-0.51910400390625,-0.2587890625,0.80841064453125
1737030161059732.0,-0.515625,-0.25994873046875,0.80828857421875
1737030161126161.0,-0.51513671875,-0.2572021484375,0.8017578125
1737030161126175.0,-0.506591796875,-0.26739501953125,0.81097412109375
1737030161126167.0,-0.5084228515625,-0.2642822265625,0.81219482421875
1737030161190978.0,-0.50323486328125,-0.27239990234375,0.8116455078125
1737030161190985.0,-0.50372314453125,-0.27044677734375,0.820556640625
1737030161190989.0,-0.50299072265625,-0.2725830078125,0.8299560546875
1737030161233686.0,-0.5008544921875,-0.26849365234375,0.8309326171875
1737030161233693.0,-0.5028076171875,-0.26519775390625,0.831787109375
1737030161233698.0,-0.5086669921875,-0.25714111328125,0.83013916015625
1737030161299660.0,-0.50677490234375,-0.256591796875,0.8251953125
1737030161299664.0,-0.50323486328125,-0.25030517578125,0.817626953125
1737030161299679.0,-0.50830078125,-0.24078369140625,0.8155517578125
1737030161341702.0,-0.510986328125,-0.23822021484375,0.81195068359375
1737030161341726.0,-0.50714111328125,-0.23675537109375,0.7982177734375
1737030161341713.0,-0.51336669921875,-0.239501953125,0.80255126953125
1737030161407246.0,-0.5145263671875,-0.23468017578125,0.79840087890625
1737030161407257.0,-0.51690673828125,-0.2313232421875,0.80633544921875
1737030161407262.0,-0.5177001953125,-0.231201171875,0.806884765625
1737030161448942.0,-0.51361083984375,-0.23638916015625,0.80218505859375
1737030161448947.0,-0.51104736328125,-0.24334716796875,0.79766845703125
1737030161448951.0,-0.5146484375,-0.240478515625,0.80267333984375
1737030161513741.0,-0.51495361328125,-0.2406005859375,0.81231689453125
1737030161513750.0,-0.51025390625,-0.241455078125,0.81341552734375
1737030161513758.0,-0.50836181640625,-0.240234375,0.81671142578125
1737030161577680.0,-0.5057373046875,-0.23712158203125,0.8145751953125
1737030161577687.0,-0.5048828125,-0.24072265625,0.8179931640625
1737030161577684.0,-0.50262451171875,-0.24322509765625,0.82135009765625
1737030161622062.0,-0.504638671875,-0.2476806640625,0.82708740234375
1737030161622082.0,-0.50543212890625,-0.24993896484375,0.83197021484375
1737030161622092.0,-0.50732421875,-0.255615234375,0.83612060546875
1737030161685765.0,-0.5079345703125,-0.24383544921875,0.828857421875
1737030161685769.0,-0.50006103515625,-0.2413330078125,0.8265380859375
1737030161685772.0,-0.5062255859375,-0.24249267578125,0.82763671875
1737030161749712.0,-0.5081787109375,-0.24365234375,0.82305908203125
1737030161749716.0,-0.510009765625,-0.24530029296875,0.8162841796875
1737030161749704.0,-0.50347900390625,-0.245361328125,0.82904052734375
1737030161792442.0,-0.51202392578125,-0.244140625,0.8118896484375
1737030161792446.0,-0.51580810546875,-0.2388916015625,0.81109619140625
1737030161792451.0,-0.517578125,-0.2388916015625,0.81634521484375
1737030161855690.0,-0.51226806640625,-0.2425537109375,0.8157958984375
1737030161855696.0,-0.5137939453125,-0.24359130859375,0.81640625
1737030161855699.0,-0.51727294921875,-0.244384765625,0.81610107421875
1737030161899735.0,-0.51763916015625,-0.246826171875,0.81146240234375
1737030161899740.0,-0.51904296875,-0.24700927734375,0.811767578125
1737030161899744.0,-0.52008056640625,-0.24554443359375,0.810791015625
1737030161962708.0,-0.523681640625,-0.23785400390625,0.8079833984375
1737030161962721.0,-0.52313232421875,-0.2413330078125,0.806640625
1737030161962714.0,-0.52264404296875,-0.2420654296875,0.80859375
1737030162005931.0,-0.5247802734375,-0.240966796875,0.8084716796875
1737030162005949.0,-0.53167724609375,-0.2388916015625,0.8050537109375
1737030162005985.0,-0.5281982421875,-0.23480224609375,0.8055419921875
1737030162068636.0,-0.5250244140625,-0.2392578125,0.80792236328125
1737030162068640.0,-0.52667236328125,-0.23822021484375,0.8154296875
1737030162068644.0,-0.53082275390625,-0.2352294921875,0.81365966796875
1737030162133667.0,-0.53253173828125,-0.235107421875,0.80487060546875
1737030162133673.0,-0.5345458984375,-0.22930908203125,0.79608154296875
1737030162133671.0,-0.53460693359375,-0.234130859375,0.79705810546875
1737030162197688.0,-0.536376953125,-0.2357177734375,0.79510498046875
1737030162197736.0,-0.540771484375,-0.22796630859375,0.79888916015625
1737030162197729.0,-0.53692626953125,-0.23162841796875,0.80035400390625
1737030162240685.0,-0.53790283203125,-0.22552490234375,0.79443359375
1737030162240694.0,-0.5419921875,-0.224365234375,0.79522705078125
1737030162240701.0,-0.537109375,-0.22686767578125,0.79443359375
1737030162305678.0,-0.53955078125,-0.226806640625,0.7982177734375
1737030162305694.0,-0.535400390625,-0.22576904296875,0.80303955078125
1737030162305703.0,-0.5360107421875,-0.2294921875,0.807861328125
1737030162347779.0,-0.53387451171875,-0.22808837890625,0.81036376953125
1737030162347790.0,-0.53173828125,-0.22479248046875,0.80841064453125
1737030162347798.0,-0.53460693359375,-0.22137451171875,0.80816650390625
1737030162411675.0,-0.5362548828125,-0.22247314453125,0.798828125
1737030162411682.0,-0.53582763671875,-0.2183837890625,0.79437255859375
1737030162411684.0,-0.53759765625,-0.22430419921875,0.80401611328125
1737030162453733.0,-0.54046630859375,-0.2247314453125,0.81146240234375
1737030162453759.0,-0.5389404296875,-0.218994140625,0.8021240234375
1737030162453762.0,-0.537841796875,-0.2181396484375,0.795654296875
1737030162519689.0,-0.5338134765625,-0.21331787109375,0.80072021484375
1737030162519694.0,-0.53369140625,-0.22479248046875,0.8026123046875
1737030162519698.0,-0.53070068359375,-0.2294921875,0.8035888671875
1737030162583636.0,-0.5316162109375,-0.2298583984375,0.80267333984375
1737030162583663.0,-0.5272216796875,-0.2257080078125,0.80511474609375
1737030162583667.0,-0.53369140625,-0.22686767578125,0.80584716796875
1737030162628012.0,-0.53436279296875,-0.229248046875,0.8106689453125
1737030162628033.0,-0.53009033203125,-0.22454833984375,0.805908203125
1737030162628022.0,-0.53387451171875,-0.2281494140625,0.80926513671875
1737030162690689.0,-0.5284423828125,-0.22760009765625,0.81304931640625
1737030162690704.0,-0.5279541015625,-0.22869873046875,0.814208984375
1737030162690707.0,-0.52642822265625,-0.23193359375,0.8140869140625
1737030162755829.0,-0.531982421875,-0.234375,0.81195068359375
1737030162755840.0,-0.53289794921875,-0.232421875,0.80859375
1737030162755846.0,-0.53729248046875,-0.233642578125,0.80438232421875
1737030162797662.0,-0.5382080078125,-0.233642578125,0.802490234375
1737030162797666.0,-0.53887939453125,-0.23162841796875,0.79876708984375
1737030162797668.0,-0.535888671875,-0.22955322265625,0.80499267578125
1737030162861661.0,-0.536376953125,-0.22686767578125,0.79833984375
1737030162861665.0,-0.5413818359375,-0.23309326171875,0.7998046875
1737030162861669.0,-0.54241943359375,-0.23065185546875,0.794921875
1737030162905481.0,-0.54119873046875,-0.23028564453125,0.79827880859375
1737030162905490.0,-0.541015625,-0.22412109375,0.7969970703125
1737030162905498.0,-0.53692626953125,-0.2215576171875,0.8001708984375
1737030162968682.0,-0.54229736328125,-0.22406005859375,0.79815673828125
1737030162968688.0,-0.53814697265625,-0.22271728515625,0.79962158203125
1737030162968686.0,-0.54119873046875,-0.2261962890625,0.80029296875
1737030163011677.0,-0.53546142578125,-0.22698974609375,0.8011474609375
1737030163011693.0,-0.5394287109375,-0.23114013671875,0.80609130859375
1737030163011751.0,-0.5391845703125,-0.22637939453125,0.8095703125
1737030163074704.0,-0.5343017578125,-0.228759765625,0.805419921875
1737030163074708.0,-0.5322265625,-0.22723388671875,0.8052978515625
1737030163074711.0,-0.53131103515625,-0.2293701171875,0.80657958984375
1737030163138685.0,-0.52947998046875,-0.2327880859375,0.80902099609375
1737030163138689.0,-0.52587890625,-0.2281494140625,0.821533203125
1737030163138691.0,-0.53289794921875,-0.2274169921875,0.82073974609375
1737030163182400.0,-0.5328369140625,-0.22650146484375,0.81976318359375
1737030163182417.0,-0.531005859375,-0.22259521484375,0.80426025390625
1737030163182408.0,-0.53558349609375,-0.224609375,0.8167724609375
1737030163266946.0,-0.532470703125,-0.228271484375,0.80859375
1737030163266961.0,-0.54095458984375,-0.2301025390625,0.80474853515625
1737030163267012.0,-0.54376220703125,-0.2215576171875,0.798828125
1737030163310710.0,-0.5469970703125,-0.2177734375,0.796142578125
1737030163310716.0,-0.54644775390625,-0.2098388671875,0.80181884765625
1737030163310719.0,-0.54541015625,-0.2025146484375,0.80242919921875
1737030163353674.0,-0.5465087890625,-0.18634033203125,0.79473876953125
1737030163353667.0,-0.54736328125,-0.19451904296875,0.80859375
1737030163353671.0,-0.54638671875,-0.18939208984375,0.8018798828125
1737030163396711.0,-0.53851318359375,-0.187255859375,0.80487060546875
1737030163396716.0,-0.54498291015625,-0.197509765625,0.80029296875
1737030163396718.0,-0.55108642578125,-0.2056884765625,0.79693603515625
1737030163459696.0,-0.54766845703125,-0.214111328125,0.78875732421875
1737030163459708.0,-0.55462646484375,-0.2354736328125,0.781982421875
1737030163459714.0,-0.560302734375,-0.23614501953125,0.79669189453125
1737030163525017.0,-0.5599365234375,-0.231201171875,0.7928466796875
1737030163525027.0,-0.5628662109375,-0.234619140625,0.79339599609375
1737030163525036.0,-0.56640625,-0.2398681640625,0.78326416015625
1737030163568854.0,-0.56500244140625,-0.2459716796875,0.77728271484375
1737030163568871.0,-0.564697265625,-0.24444580078125,0.76495361328125
1737030163568865.0,-0.56561279296875,-0.2457275390625,0.76727294921875
1737030163633714.0,-0.569091796875,-0.25115966796875,0.7603759765625
1737030163633718.0,-0.565673828125,-0.24920654296875,0.7598876953125
1737030163633733.0,-0.5687255859375,-0.245361328125,0.76812744140625
1737030163696680.0,-0.5732421875,-0.24822998046875,0.766845703125
1737030163696687.0,-0.56842041015625,-0.2440185546875,0.7696533203125
1737030163696692.0,-0.5694580078125,-0.2501220703125,0.77105712890625
1737030163739698.0,-0.56561279296875,-0.24884033203125,0.76983642578125
1737030163739712.0,-0.568115234375,-0.24432373046875,0.77099609375
1737030163739724.0,-0.57025146484375,-0.24761962890625,0.7701416015625
1737030163804862.0,-0.567138671875,-0.24566650390625,0.76776123046875
1737030163804871.0,-0.56683349609375,-0.23992919921875,0.76788330078125
1737030163804917.0,-0.56341552734375,-0.2384033203125,0.76904296875
1737030163868688.0,-0.56048583984375,-0.24371337890625,0.77557373046875
1737030163868692.0,-0.55914306640625,-0.25,0.7763671875
1737030163868683.0,-0.56390380859375,-0.241455078125,0.770751953125
1737030163911727.0,-0.55596923828125,-0.2447509765625,0.77923583984375
1737030163911738.0,-0.5538330078125,-0.24249267578125,0.7862548828125
1737030163911746.0,-0.54791259765625,-0.2406005859375,0.79345703125
1737030163954666.0,-0.54534912109375,-0.23858642578125,0.7972412109375
1737030163954670.0,-0.54443359375,-0.23712158203125,0.8017578125
1737030163954672.0,-0.53973388671875,-0.236328125,0.80303955078125
1737030164018708.0,-0.5390625,-0.2354736328125,0.80010986328125
1737030164018713.0,-0.5401611328125,-0.23870849609375,0.795166015625
1737030164018717.0,-0.54254150390625,-0.2381591796875,0.80291748046875
1737030164083997.0,-0.5419921875,-0.2391357421875,0.79840087890625
1737030164084006.0,-0.54248046875,-0.24267578125,0.799072265625
1737030164084013.0,-0.54437255859375,-0.23309326171875,0.80242919921875
1737030164127820.0,-0.542724609375,-0.232177734375,0.80035400390625
1737030164127832.0,-0.54083251953125,-0.23101806640625,0.79925537109375
1737030164127847.0,-0.54217529296875,-0.23333740234375,0.80145263671875
1737030164190695.0,-0.53839111328125,-0.231689453125,0.79913330078125
1737030164190705.0,-0.5413818359375,-0.22650146484375,0.8026123046875
1737030164190701.0,-0.54107666015625,-0.22491455078125,0.8001708984375
1737030164256666.0,-0.5364990234375,-0.2301025390625,0.799072265625
1737030164256671.0,-0.54180908203125,-0.2291259765625,0.8017578125
1737030164256674.0,-0.53887939453125,-0.23046875,0.79730224609375
1737030164300679.0,-0.53973388671875,-0.23138427734375,0.8038330078125
1737030164300673.0,-0.5399169921875,-0.2301025390625,0.802978515625
1737030164300689.0,-0.542236328125,-0.2337646484375,0.79888916015625
1737030164364597.0,-0.53680419921875,-0.22998046875,0.79608154296875
1737030164364627.0,-0.54522705078125,-0.23065185546875,0.793701171875
1737030164364623.0,-0.54229736328125,-0.23016357421875,0.79583740234375
1737030164408014.0,-0.5498046875,-0.23419189453125,0.7935791015625
1737030164408022.0,-0.54827880859375,-0.23016357421875,0.78875732421875
1737030164408027.0,-0.55010986328125,-0.2398681640625,0.7904052734375
1737030164473828.0,-0.54571533203125,-0.2410888671875,0.79150390625
1737030164473838.0,-0.54803466796875,-0.24273681640625,0.79022216796875
1737030164473841.0,-0.5469970703125,-0.24176025390625,0.78619384765625
1737030164515645.0,-0.546630859375,-0.2388916015625,0.791748046875
1737030164515650.0,-0.54876708984375,-0.23541259765625,0.78460693359375
1737030164515652.0,-0.5478515625,-0.23858642578125,0.78631591796875
1737030164579657.0,-0.54742431640625,-0.23919677734375,0.785888671875
1737030164579661.0,-0.55035400390625,-0.2410888671875,0.7874755859375
1737030164579665.0,-0.5457763671875,-0.24139404296875,0.78741455078125
1737030164642741.0,-0.54278564453125,-0.242431640625,0.79071044921875
1737030164642749.0,-0.54632568359375,-0.24346923828125,0.78961181640625
1737030164642755.0,-0.54290771484375,-0.23870849609375,0.7919921875
1737030164686862.0,-0.5426025390625,-0.24127197265625,0.791259765625
1737030164686873.0,-0.542724609375,-0.2447509765625,0.7930908203125
1737030164686881.0,-0.54144287109375,-0.24481201171875,0.78680419921875
1737030164752715.0,-0.5421142578125,-0.246337890625,0.79742431640625
1737030164752712.0,-0.53912353515625,-0.2408447265625,0.7921142578125
1737030164752707.0,-0.54241943359375,-0.24273681640625,0.79205322265625
1737030164794679.0,-0.54302978515625,-0.24951171875,0.80084228515625
1737030164794684.0,-0.53900146484375,-0.24896240234375,0.8013916015625
1737030164794686.0,-0.53363037109375,-0.2491455078125,0.7957763671875
1737030164858682.0,-0.53680419921875,-0.25201416015625,0.806396484375
1737030164858695.0,-0.540283203125,-0.25201416015625,0.80694580078125
1737030164858689.0,-0.53564453125,-0.25543212890625,0.806884765625
1737030164900671.0,-0.5389404296875,-0.24609375,0.801025390625
1737030164900676.0,-0.53900146484375,-0.24407958984375,0.80401611328125
1737030164900678.0,-0.53472900390625,-0.24224853515625,0.80023193359375
1737030164965800.0,-0.52972412109375,-0.24188232421875,0.800537109375
1737030164965827.0,-0.5306396484375,-0.2371826171875,0.79974365234375
1737030164965892.0,-0.5291748046875,-0.23345947265625,0.80035400390625
1737030165030662.0,-0.53704833984375,-0.229248046875,0.795654296875
1737030165030666.0,-0.53448486328125,-0.2291259765625,0.80377197265625
1737030165030670.0,-0.535400390625,-0.2318115234375,0.80670166015625
1737030165095676.0,-0.536376953125,-0.22906494140625,0.80450439453125
1737030165095705.0,-0.534423828125,-0.22821044921875,0.8056640625
1737030165095711.0,-0.53515625,-0.22918701171875,0.80218505859375
1737030165137694.0,-0.5400390625,-0.23345947265625,0.80029296875
1737030165137698.0,-0.53759765625,-0.23358154296875,0.7991943359375
1737030165137702.0,-0.53936767578125,-0.22589111328125,0.80450439453125
1737030165181715.0,-0.5386962890625,-0.22796630859375,0.80255126953125
1737030165181728.0,-0.53448486328125,-0.23541259765625,0.8035888671875
1737030165181736.0,-0.53704833984375,-0.23211669921875,0.80279541015625
1737030165247820.0,-0.5408935546875,-0.22894287109375,0.80413818359375
1737030165247830.0,-0.54229736328125,-0.228515625,0.80078125
1737030165247838.0,-0.539794921875,-0.2259521484375,0.799560546875
1737030165291298.0,-0.537841796875,-0.22845458984375,0.79913330078125
1737030165291342.0,-0.54425048828125,-0.2247314453125,0.80169677734375
1737030165291351.0,-0.5411376953125,-0.22576904296875,0.80224609375
1737030165353544.0,-0.543701171875,-0.22662353515625,0.7984619140625
1737030165353604.0,-0.5435791015625,-0.228759765625,0.79779052734375
1737030165353610.0,-0.545654296875,-0.22955322265625,0.796142578125
1737030165416694.0,-0.54559326171875,-0.2286376953125,0.79583740234375
1737030165416705.0,-0.54608154296875,-0.22479248046875,0.79656982421875
1737030165416711.0,-0.5435791015625,-0.225830078125,0.7957763671875
1737030165480644.0,-0.54217529296875,-0.22821044921875,0.79583740234375
1737030165480671.0,-0.54425048828125,-0.22705078125,0.79290771484375
1737030165480675.0,-0.54803466796875,-0.22503662109375,0.79180908203125
1737030165522756.0,-0.54620361328125,-0.22845458984375,0.7900390625
1737030165522781.0,-0.54388427734375,-0.2281494140625,0.79925537109375
1737030165522776.0,-0.544189453125,-0.2276611328125,0.799560546875
1737030165587824.0,-0.53985595703125,-0.234130859375,0.80389404296875
1737030165587843.0,-0.54168701171875,-0.23095703125,0.80267333984375
1737030165587851.0,-0.53717041015625,-0.23516845703125,0.79315185546875
1737030165630816.0,-0.54608154296875,-0.23431396484375,0.79437255859375
1737030165630825.0,-0.54656982421875,-0.23260498046875,0.79351806640625
1737030165630829.0,-0.544677734375,-0.23590087890625,0.79156494140625
1737030165695713.0,-0.54473876953125,-0.23028564453125,0.79559326171875
1737030165695717.0,-0.54693603515625,-0.22955322265625,0.79833984375
1737030165695720.0,-0.54376220703125,-0.22955322265625,0.7978515625
1737030165737697.0,-0.541748046875,-0.2344970703125,0.79705810546875
1737030165737702.0,-0.53887939453125,-0.23626708984375,0.79547119140625
1737030165737704.0,-0.54376220703125,-0.2265625,0.79876708984375
1737030165800674.0,-0.54010009765625,-0.2222900390625,0.7969970703125
1737030165800680.0,-0.5390625,-0.22515869140625,0.8018798828125
1737030165800682.0,-0.54241943359375,-0.22601318359375,0.80035400390625
1737030165864669.0,-0.54046630859375,-0.22589111328125,0.797607421875
1737030165864700.0,-0.53900146484375,-0.2247314453125,0.79998779296875
1737030165864704.0,-0.54571533203125,-0.2220458984375,0.8037109375
1737030165908873.0,-0.543701171875,-0.216796875,0.80682373046875
1737030165908882.0,-0.54351806640625,-0.2044677734375,0.80902099609375
1737030165908926.0,-0.5458984375,-0.1856689453125,0.81365966796875
1737030165974147.0,-0.53912353515625,-0.15728759765625,0.80975341796875
1737030165974154.0,-0.5389404296875,-0.1492919921875,0.8045654296875
1737030165974163.0,-0.533447265625,-0.15887451171875,0.8095703125
1737030166037676.0,-0.53125,-0.17010498046875,0.81512451171875
1737030166037685.0,-0.5196533203125,-0.227294921875,0.81591796875
1737030166037680.0,-0.52239990234375,-0.193115234375,0.815673828125
1737030166080705.0,-0.518310546875,-0.248046875,0.81365966796875
1737030166080715.0,-0.5230712890625,-0.25653076171875,0.811767578125
1737030166080721.0,-0.5201416015625,-0.2557373046875,0.8155517578125
1737030166144894.0,-0.5263671875,-0.2545166015625,0.81219482421875
1737030166144919.0,-0.52227783203125,-0.2706298828125,0.815185546875
1737030166144943.0,-0.52423095703125,-0.2664794921875,0.8172607421875
1737030166187795.0,-0.52630615234375,-0.2574462890625,0.81134033203125
1737030166187820.0,-0.52655029296875,-0.24774169921875,0.8076171875
1737030166187831.0,-0.52813720703125,-0.2413330078125,0.80584716796875
1737030166250690.0,-0.5245361328125,-0.24456787109375,0.80853271484375
1737030166250695.0,-0.52783203125,-0.23797607421875,0.80877685546875
1737030166250699.0,-0.52764892578125,-0.23681640625,0.81243896484375
1737030166293820.0,-0.52752685546875,-0.23406982421875,0.80877685546875
1737030166293827.0,-0.5296630859375,-0.23211669921875,0.80657958984375
1737030166293831.0,-0.52838134765625,-0.224853515625,0.8065185546875
1737030166356706.0,-0.53277587890625,-0.22064208984375,0.80364990234375
1737030166356714.0,-0.529541015625,-0.21295166015625,0.81195068359375
1737030166356711.0,-0.5316162109375,-0.21575927734375,0.80389404296875
1737030166422722.0,-0.52386474609375,-0.2100830078125,0.80908203125
1737030166422727.0,-0.52471923828125,-0.212646484375,0.807373046875
1737030166422714.0,-0.5301513671875,-0.21185302734375,0.80926513671875
1737030166465756.0,-0.52789306640625,-0.2122802734375,0.81561279296875
1737030166465876.0,-0.53338623046875,-0.2161865234375,0.814208984375
1737030166465888.0,-0.53131103515625,-0.2127685546875,0.81146240234375
1737030166529712.0,-0.530517578125,-0.21148681640625,0.81573486328125
1737030166529716.0,-0.52911376953125,-0.20892333984375,0.81005859375
1737030166529720.0,-0.52685546875,-0.2113037109375,0.80828857421875
1737030166593815.0,-0.5350341796875,-0.2177734375,0.8114013671875
1737030166593819.0,-0.52532958984375,-0.21795654296875,0.810791015625
1737030166593821.0,-0.52520751953125,-0.218994140625,0.8101806640625
1737030166656671.0,-0.522705078125,-0.22076416015625,0.81146240234375
1737030166656700.0,-0.52777099609375,-0.2230224609375,0.8134765625
1737030166656703.0,-0.52716064453125,-0.2216796875,0.81488037109375
1737030166700704.0,-0.5302734375,-0.22320556640625,0.8116455078125
1737030166700714.0,-0.52813720703125,-0.22064208984375,0.814453125
1737030166700719.0,-0.52557373046875,-0.22515869140625,0.81268310546875
1737030166744977.0,-0.53094482421875,-0.22784423828125,0.81536865234375
1737030166745028.0,-0.5250244140625,-0.22552490234375,0.817626953125
1737030166745036.0,-0.5303955078125,-0.22198486328125,0.8179931640625
1737030166808701.0,-0.52899169921875,-0.216552734375,0.814208984375
1737030166808705.0,-0.5294189453125,-0.21673583984375,0.80902099609375
1737030166808697.0,-0.53070068359375,-0.217529296875,0.816162109375
1737030166850849.0,-0.52825927734375,-0.21563720703125,0.814453125
1737030166850871.0,-0.52978515625,-0.21337890625,0.81390380859375
1737030166850879.0,-0.53131103515625,-0.21234130859375,0.8143310546875
1737030166915942.0,-0.53021240234375,-0.21453857421875,0.81317138671875
1737030166915948.0,-0.53350830078125,-0.20953369140625,0.81475830078125
1737030166915951.0,-0.53643798828125,-0.21575927734375,0.8199462890625
1737030166978940.0,-0.53955078125,-0.21502685546875,0.81964111328125
1737030166978944.0,-0.5384521484375,-0.216796875,0.8154296875
1737030166978946.0,-0.53680419921875,-0.2113037109375,0.822509765625
1737030167043091.0,-0.536865234375,-0.218017578125,0.8292236328125
1737030167043110.0,-0.53851318359375,-0.218017578125,0.83251953125
1737030167043164.0,-0.54229736328125,-0.2149658203125,0.82965087890625
1737030167087688.0,-0.5421142578125,-0.21630859375,0.8370361328125
1737030167087713.0,-0.55596923828125,-0.208984375,0.84185791015625
1737030167087724.0,-0.5609130859375,-0.203857421875,0.83203125
1737030167150299.0,-0.55377197265625,-0.20330810546875,0.80224609375
1737030167150315.0,-0.555419921875,-0.2081298828125,0.79278564453125
1737030167150321.0,-0.5699462890625,-0.2039794921875,0.79638671875
1737030167192968.0,-0.5733642578125,-0.193359375,0.7896728515625
1737030167192985.0,-0.57330322265625,-0.19232177734375,0.77252197265625
1737030167192988.0,-0.58123779296875,-0.18603515625,0.76898193359375
1737030167256984.0,-0.58203125,-0.17578125,0.7625732421875
1737030167257011.0,-0.59130859375,-0.178466796875,0.75537109375
1737030167257014.0,-0.6002197265625,-0.18231201171875,0.7567138671875
1737030167299995.0,-0.603759765625,-0.16937255859375,0.739990234375
1737030167299985.0,-0.6041259765625,-0.178955078125,0.7552490234375
1737030167299999.0,-0.60125732421875,-0.173828125,0.7391357421875
1737030167365741.0,-0.60113525390625,-0.18792724609375,0.751708984375
1737030167365762.0,-0.598388671875,-0.20330810546875,0.75604248046875
1737030167365843.0,-0.6046142578125,-0.20147705078125,0.7801513671875
1737030167408100.0,-0.595458984375,-0.20343017578125,0.77777099609375
1737030167408110.0,-0.58233642578125,-0.2117919921875,0.763916015625
1737030167408118.0,-0.58087158203125,-0.22723388671875,0.77252197265625
1737030167473998.0,-0.5845947265625,-0.2410888671875,0.781005859375
1737030167474003.0,-0.584228515625,-0.2421875,0.7757568359375
1737030167474006.0,-0.5823974609375,-0.25469970703125,0.77825927734375
1737030167539978.0,-0.59661865234375,-0.28826904296875,0.8028564453125
1737030167539982.0,-0.60028076171875,-0.28704833984375,0.8076171875
1737030167539984.0,-0.59942626953125,-0.26849365234375,0.81427001953125
1737030167582585.0,-0.58758544921875,-0.24957275390625,0.80584716796875
1737030167582596.0,-0.56988525390625,-0.2078857421875,0.8145751953125
1737030167582605.0,-0.5596923828125,-0.14263916015625,0.8131103515625
1737030167648135.0,-0.55682373046875,-0.09539794921875,0.82257080078125
1737030167648144.0,-0.55108642578125,-0.05816650390625,0.8231201171875
1737030167648151.0,-0.54449462890625,-0.0330810546875,0.8118896484375
1737030167692205.0,-0.5447998046875,-0.01849365234375,0.7962646484375
1737030167692212.0,-0.55169677734375,-0.0079345703125,0.792236328125
1737030167692220.0,-0.55596923828125,-0.0084228515625,0.79266357421875
1737030167757060.0,-0.55511474609375,-0.01025390625,0.79193115234375
1737030167757091.0,-0.58673095703125,-0.029541015625,0.81787109375
1737030167757086.0,-0.5692138671875,-0.0174560546875,0.802490234375
1737030167823023.0,-0.6085205078125,-0.0450439453125,0.81549072265625
1737030167823028.0,-0.6214599609375,-0.06036376953125,0.79608154296875
1737030167823030.0,-0.62664794921875,-0.07470703125,0.7755126953125
1737030167865434.0,-0.63250732421875,-0.0889892578125,0.7666015625
1737030167865439.0,-0.6378173828125,-0.09808349609375,0.7625732421875
1737030167865442.0,-0.64013671875,-0.10003662109375,0.7613525390625
1737030167930126.0,-0.64617919921875,-0.1177978515625,0.754150390625
1737030167930134.0,-0.6416015625,-0.12744140625,0.7490234375
1737030167930161.0,-0.64642333984375,-0.124267578125,0.743896484375
1737030167973486.0,-0.65283203125,-0.1109619140625,0.7332763671875
1737030167973492.0,-0.658447265625,-0.09454345703125,0.7230224609375
1737030167973499.0,-0.66552734375,-0.08880615234375,0.717041015625
1737030168035964.0,-0.680908203125,-0.093017578125,0.7249755859375
1737030168035975.0,-0.68157958984375,-0.07098388671875,0.71307373046875
1737030168035979.0,-0.68756103515625,-0.06585693359375,0.7030029296875
1737030168078967.0,-0.6851806640625,-0.07000732421875,0.69158935546875
1737030168078975.0,-0.68731689453125,-0.10400390625,0.6993408203125
1737030168078972.0,-0.68341064453125,-0.08349609375,0.699951171875
1737030168144994.0,-0.6978759765625,-0.1143798828125,0.7034912109375
1737030168145012.0,-0.70062255859375,-0.09552001953125,0.68609619140625
1737030168145021.0,-0.70355224609375,-0.0987548828125,0.6705322265625
1737030168186951.0,-0.71087646484375,-0.09197998046875,0.68206787109375
1737030168186956.0,-0.7244873046875,-0.0850830078125,0.683837890625
1737030168186961.0,-0.72174072265625,-0.0908203125,0.67510986328125
1737030168253100.0,-0.7247314453125,-0.0904541015625,0.6619873046875
1737030168253107.0,-0.7296142578125,-0.07989501953125,0.6468505859375
1737030168253111.0,-0.7271728515625,-0.09808349609375,0.65106201171875
1737030168316980.0,-0.71563720703125,-0.13800048828125,0.64013671875
1737030168316974.0,-0.72442626953125,-0.1212158203125,0.64410400390625
1737030168316982.0,-0.713134765625,-0.1427001953125,0.63671875
1737030168379904.0,-0.70452880859375,-0.15753173828125,0.64208984375
1737030168379932.0,-0.69744873046875,-0.1851806640625,0.64337158203125
1737030168379936.0,-0.6842041015625,-0.20703125,0.6549072265625
1737030168423060.0,-0.6727294921875,-0.22503662109375,0.67755126953125
1737030168423066.0,-0.66473388671875,-0.23388671875,0.69232177734375
1737030168423054.0,-0.678466796875,-0.21624755859375,0.669189453125
1737030168486973.0,-0.66754150390625,-0.236328125,0.6983642578125
1737030168486980.0,-0.6573486328125,-0.26007080078125,0.701171875
1737030168486977.0,-0.6636962890625,-0.25311279296875,0.709228515625
1737030168530183.0,-0.65692138671875,-0.27044677734375,0.72027587890625
1737030168530214.0,-0.65911865234375,-0.27197265625,0.725341796875
1737030168530253.0,-0.6512451171875,-0.268310546875,0.7244873046875
1737030168574808.0,-0.65057373046875,-0.260986328125,0.73321533203125
1737030168574820.0,-0.65582275390625,-0.25665283203125,0.71624755859375
1737030168574824.0,-0.6568603515625,-0.26422119140625,0.72625732421875
1737030168638144.0,-0.6553955078125,-0.267333984375,0.7236328125
1737030168638153.0,-0.65118408203125,-0.258056640625,0.72381591796875
1737030168638158.0,-0.636474609375,-0.23956298828125,0.7169189453125
1737030168701051.0,-0.6260986328125,-0.2252197265625,0.7271728515625
1737030168701060.0,-0.6259765625,-0.2095947265625,0.75244140625
1737030168701065.0,-0.6258544921875,-0.19036865234375,0.7623291015625
1737030168765909.0,-0.6256103515625,-0.1802978515625,0.7576904296875
1737030168765950.0,-0.6097412109375,-0.1685791015625,0.70819091796875
1737030168765960.0,-0.61590576171875,-0.14532470703125,0.7178955078125
1737030168809209.0,-0.618408203125,-0.146240234375,0.72088623046875
1737030168809215.0,-0.61956787109375,-0.1380615234375,0.74493408203125
1737030168809247.0,-0.62506103515625,-0.13934326171875,0.76055908203125
1737030168873073.0,-0.6383056640625,-0.14849853515625,0.76416015625
1737030168873062.0,-0.637939453125,-0.1475830078125,0.765869140625
1737030168873075.0,-0.6424560546875,-0.15545654296875,0.74261474609375
1737030168917973.0,-0.63751220703125,-0.17071533203125,0.74560546875
1737030168917980.0,-0.6463623046875,-0.17413330078125,0.7493896484375
1737030168917985.0,-0.65289306640625,-0.1634521484375,0.74505615234375
1737030168980996.0,-0.650146484375,-0.166748046875,0.7374267578125
1737030168981004.0,-0.6539306640625,-0.16357421875,0.73486328125
1737030168981008.0,-0.658447265625,-0.1558837890625,0.73785400390625
1737030169023995.0,-0.6611328125,-0.14697265625,0.733154296875
1737030169024002.0,-0.66094970703125,-0.1427001953125,0.72308349609375
1737030169024009.0,-0.67449951171875,-0.13165283203125,0.73187255859375
1737030169087985.0,-0.6865234375,-0.109619140625,0.72430419921875
1737030169087993.0,-0.67681884765625,-0.08111572265625,0.70294189453125
1737030169087999.0,-0.68316650390625,-0.06597900390625,0.70855712890625
1737030169130999.0,-0.6951904296875,-0.07269287109375,0.71160888671875
1737030169130992.0,-0.69403076171875,-0.0570068359375,0.7099609375
1737030169131001.0,-0.6978759765625,-0.0726318359375,0.711669921875
1737030169198004.0,-0.6962890625,-0.05389404296875,0.6998291015625
1737030169198014.0,-0.6929931640625,-0.04119873046875,0.69183349609375
1737030169198021.0,-0.70361328125,-0.04876708984375,0.6912841796875
1737030169260974.0,-0.7039794921875,-0.034423828125,0.69146728515625
1737030169260967.0,-0.70196533203125,-0.04730224609375,0.6846923828125
1737030169260972.0,-0.69256591796875,-0.03631591796875,0.67535400390625
1737030169326026.0,-0.7218017578125,-0.02008056640625,0.7177734375
1737030169326035.0,-0.7144775390625,-0.01812744140625,0.71636962890625
1737030169326017.0,-0.71466064453125,-0.01641845703125,0.69952392578125
1737030169370964.0,-0.70599365234375,-0.011474609375,0.710205078125
1737030169370976.0,-0.68267822265625,-0.02410888671875,0.715576171875
1737030169370971.0,-0.6905517578125,-0.01458740234375,0.70379638671875
1737030169414946.0,-0.6826171875,-0.03240966796875,0.72235107421875
1737030169414980.0,-0.6705322265625,-0.02642822265625,0.7325439453125
1737030169414991.0,-0.6656494140625,-0.0294189453125,0.73779296875
1737030169478195.0,-0.65216064453125,-0.04547119140625,0.7471923828125
1737030169478219.0,-0.65185546875,-0.0546875,0.7515869140625
1737030169478227.0,-0.65008544921875,-0.046630859375,0.74920654296875
1737030169563956.0,-0.666259765625,-0.05255126953125,0.80828857421875
1737030169564011.0,-0.6268310546875,-0.05462646484375,0.77752685546875
1737030169563995.0,-0.61383056640625,-0.0042724609375,0.680908203125
1737030169584972.0,-0.66357421875,-0.08599853515625,0.79083251953125
1737030169584975.0,-0.6861572265625,-0.08673095703125,0.7864990234375
1737030169584967.0,-0.64361572265625,-0.0958251953125,0.77642822265625
1737030169649992.0,-0.69354248046875,-0.081787109375,0.7525634765625
1737030169650000.0,-0.6781005859375,-0.06396484375,0.71502685546875
1737030169650005.0,-0.65606689453125,-0.0230712890625,0.69317626953125
1737030169713241.0,-0.64617919921875,0.00030517578125,0.71160888671875
1737030169713248.0,-0.6409912109375,0.00054931640625,0.73681640625
1737030169713256.0,-0.63580322265625,-0.02227783203125,0.7562255859375
1737030169755445.0,-0.64208984375,-0.03009033203125,0.770263671875
1737030169755454.0,-0.64404296875,-0.0341796875,0.7723388671875
1737030169755461.0,-0.6473388671875,-0.0491943359375,0.7786865234375
1737030169818943.0,-0.65478515625,-0.06640625,0.7779541015625
1737030169818948.0,-0.65289306640625,-0.08673095703125,0.75860595703125
1737030169818952.0,-0.6390380859375,-0.08465576171875,0.73529052734375
1737030169881935.0,-0.63555908203125,-0.0860595703125,0.7357177734375
1737030169881964.0,-0.6368408203125,-0.07781982421875,0.74114990234375
1737030169881975.0,-0.6385498046875,-0.07916259765625,0.75567626953125
1737030169925949.0,-0.6385498046875,-0.0821533203125,0.7659912109375
1737030169925971.0,-0.63946533203125,-0.0797119140625,0.75927734375
1737030169925999.0,-0.6513671875,-0.08087158203125,0.78045654296875
1737030169969026.0,-0.64910888671875,-0.07763671875,0.76837158203125
1737030169969032.0,-0.64031982421875,-0.07598876953125,0.75018310546875
1737030169969034.0,-0.62969970703125,-0.081787109375,0.74072265625
1737030170054940.0,-0.6248779296875,-0.09716796875,0.75299072265625
1737030170054944.0,-0.6181640625,-0.10638427734375,0.77117919921875
1737030170054947.0,-0.61627197265625,-0.11419677734375,0.79119873046875
1737030170096936.0,-0.61651611328125,-0.1212158203125,0.79302978515625
1737030170096981.0,-0.61126708984375,-0.1170654296875,0.78057861328125
1737030170096985.0,-0.609130859375,-0.1026611328125,0.77490234375
1737030170141695.0,-0.61102294921875,-0.1068115234375,0.7825927734375
1737030170141703.0,-0.61920166015625,-0.1064453125,0.7891845703125
1737030170141709.0,-0.62872314453125,-0.10528564453125,0.78448486328125
1737030170206982.0,-0.6236572265625,-0.09869384765625,0.76959228515625
1737030170206987.0,-0.622314453125,-0.09979248046875,0.76483154296875
1737030170206991.0,-0.62628173828125,-0.10552978515625,0.76800537109375
1737030170270940.0,-0.62518310546875,-0.11492919921875,0.76568603515625
1737030170270946.0,-0.62652587890625,-0.11724853515625,0.75567626953125
1737030170270949.0,-0.626953125,-0.10943603515625,0.7518310546875
1737030170316731.0,-0.62457275390625,-0.1038818359375,0.756103515625
1737030170316737.0,-0.6220703125,-0.114013671875,0.75531005859375
1737030170316744.0,-0.61505126953125,-0.1148681640625,0.7578125
1737030170359319.0,-0.61572265625,-0.10736083984375,0.76666259765625
1737030170359337.0,-0.6146240234375,-0.0987548828125,0.77496337890625
1737030170359348.0,-0.6177978515625,-0.0921630859375,0.77105712890625
1737030170423166.0,-0.61474609375,-0.09869384765625,0.77252197265625
1737030170423173.0,-0.6153564453125,-0.0975341796875,0.79052734375
1737030170423183.0,-0.61053466796875,-0.100830078125,0.79339599609375
1737030170485997.0,-0.6068115234375,-0.09991455078125,0.8021240234375
1737030170486113.0,-0.60064697265625,-0.098388671875,0.79168701171875
1737030170486123.0,-0.59381103515625,-0.09027099609375,0.7921142578125
1737030170528964.0,-0.59295654296875,-0.09075927734375,0.7999267578125
1737030170528968.0,-0.59503173828125,-0.0936279296875,0.8154296875
1737030170528983.0,-0.59466552734375,-0.1014404296875,0.8309326171875
1737030170594050.0,-0.60186767578125,-0.0924072265625,0.82318115234375
1737030170594053.0,-0.5992431640625,-0.08270263671875,0.81646728515625
1737030170594056.0,-0.61114501953125,-0.06640625,0.8040771484375
1737030170659869.0,-0.6126708984375,-0.04937744140625,0.8275146484375
1737030170659945.0,-0.6153564453125,-0.01312255859375,0.8695068359375
1737030170659962.0,-0.60498046875,0.0220947265625,0.8720703125
1737030170701975.0,-0.59637451171875,0.01708984375,0.87451171875
1737030170701982.0,-0.59698486328125,-0.03173828125,0.80792236328125
1737030170701952.0,-0.60516357421875,0.02667236328125,0.85662841796875
1737030170765973.0,-0.639404296875,-0.24053955078125,0.60540771484375
1737030170765977.0,-0.651611328125,-0.22857666015625,0.6070556640625
1737030170765964.0,-0.61572265625,-0.16302490234375,0.70269775390625
1737030170807957.0,-0.6497802734375,-0.1875,0.65106201171875
1737030170807963.0,-0.6546630859375,-0.1591796875,0.682373046875
1737030170807966.0,-0.65631103515625,-0.15655517578125,0.697998046875
1737030170874402.0,-0.666748046875,-0.16448974609375,0.73760986328125
1737030170874411.0,-0.66094970703125,-0.16729736328125,0.74298095703125
1737030170874418.0,-0.6512451171875,-0.15106201171875,0.73699951171875
1737030170919166.0,-0.6553955078125,-0.14556884765625,0.7335205078125
1737030170919178.0,-0.6602783203125,-0.14910888671875,0.72052001953125
1737030170919186.0,-0.66009521484375,-0.14544677734375,0.7257080078125
1737030170982958.0,-0.66131591796875,-0.14520263671875,0.7197265625
1737030170982962.0,-0.66168212890625,-0.1522216796875,0.72039794921875
1737030170982967.0,-0.6578369140625,-0.149658203125,0.71002197265625
1737030171046949.0,-0.66131591796875,-0.14971923828125,0.7071533203125
1737030171046953.0,-0.6610107421875,-0.1407470703125,0.70672607421875
1737030171046956.0,-0.65240478515625,-0.120849609375,0.68414306640625
1737030171090950.0,-0.64666748046875,-0.1065673828125,0.677490234375
1737030171090962.0,-0.6448974609375,-0.105712890625,0.68157958984375
1737030171090966.0,-0.6446533203125,-0.110595703125,0.6910400390625
1737030171155001.0,-0.6434326171875,-0.11175537109375,0.70648193359375
1737030171155005.0,-0.626220703125,-0.11395263671875,0.7152099609375
1737030171155008.0,-0.60626220703125,-0.10662841796875,0.72515869140625
1737030171200049.0,-0.58123779296875,-0.10906982421875,0.7510986328125
1737030171200053.0,-0.57403564453125,-0.1107177734375,0.77081298828125
1737030171200055.0,-0.553466796875,-0.11553955078125,0.78875732421875
1737030171264229.0,-0.52740478515625,-0.11724853515625,0.80743408203125
1737030171264235.0,-0.512939453125,-0.11322021484375,0.84844970703125
1737030171264240.0,-0.50799560546875,-0.11175537109375,0.8817138671875
1737030171328221.0,-0.49053955078125,-0.1136474609375,0.89581298828125
1737030171328246.0,-0.47613525390625,-0.109375,0.9063720703125
1737030171328250.0,-0.47198486328125,-0.10198974609375,0.90771484375
1737030171371221.0,-0.4637451171875,-0.08837890625,0.9136962890625
1737030171371237.0,-0.4461669921875,-0.06048583984375,0.9168701171875
1737030171371234.0,-0.45977783203125,-0.078369140625,0.91766357421875
1737030171435254.0,-0.43487548828125,-0.04345703125,0.92205810546875
1737030171435258.0,-0.43328857421875,-0.02734375,0.93328857421875
1737030171435261.0,-0.42510986328125,-0.0174560546875,0.93890380859375
1737030171477325.0,-0.41326904296875,-0.0181884765625,0.94805908203125
1737030171477334.0,-0.4105224609375,-0.02264404296875,0.9478759765625
1737030171477339.0,-0.40875244140625,-0.02984619140625,0.9599609375
1737030171542242.0,-0.4100341796875,-0.02288818359375,0.944580078125
1737030171542250.0,-0.410400390625,-0.02593994140625,0.92889404296875
1737030171542255.0,-0.41064453125,-0.0322265625,0.906982421875
1737030171606208.0,-0.401611328125,-0.02764892578125,0.9488525390625
1737030171606210.0,-0.395751953125,-0.01446533203125,0.9420166015625
1737030171606203.0,-0.40625,-0.03662109375,0.90673828125
1737030171671265.0,-0.399169921875,-0.01513671875,0.93597412109375
1737030171671292.0,-0.40338134765625,-0.01824951171875,0.91790771484375
1737030171671296.0,-0.3968505859375,-0.02044677734375,0.91650390625
1737030171692234.0,-0.40362548828125,-0.01611328125,0.93572998046875
1737030171692240.0,-0.3992919921875,-0.01220703125,0.928955078125
1737030171692245.0,-0.40313720703125,-0.0157470703125,0.92205810546875
1737030171758908.0,-0.3970947265625,-0.01971435546875,0.90777587890625
1737030171758917.0,-0.4022216796875,-0.02581787109375,0.90875244140625
1737030171758925.0,-0.40191650390625,-0.03564453125,0.91925048828125
1737030171800610.0,-0.40594482421875,-0.0369873046875,0.9200439453125
1737030171800617.0,-0.40594482421875,-0.03363037109375,0.910888671875
1737030171800623.0,-0.4078369140625,-0.03057861328125,0.90521240234375
1737030171865270.0,-0.40484619140625,-0.02899169921875,0.93609619140625
1737030171865277.0,-0.402099609375,-0.0291748046875,0.944580078125
1737030171865281.0,-0.40106201171875,-0.02984619140625,0.92919921875
1737030171929247.0,-0.40728759765625,-0.0233154296875,0.9178466796875
1737030171929256.0,-0.407958984375,0.00372314453125,0.91607666015625
1737030171929261.0,-0.418212890625,0.00543212890625,0.92523193359375
1737030171994199.0,-0.4212646484375,0.01483154296875,0.95440673828125
1737030171994226.0,-0.42364501953125,0.01690673828125,0.93231201171875
1737030171994231.0,-0.42724609375,0.01959228515625,0.90362548828125
1737030172037337.0,-0.43707275390625,0.01116943359375,0.92059326171875
1737030172037346.0,-0.43377685546875,0.00897216796875,0.9185791015625
1737030172037358.0,-0.437255859375,-0.00030517578125,0.9324951171875
1737030172101570.0,-0.4349365234375,-0.01220703125,0.93218994140625
1737030172101576.0,-0.44012451171875,-0.0181884765625,0.931640625
1737030172101583.0,-0.44097900390625,-0.0203857421875,0.95709228515625
1737030172144301.0,-0.44049072265625,-0.01806640625,0.94488525390625
1737030172144349.0,-0.45233154296875,-0.022216796875,0.90899658203125
1737030172144517.0,-0.4658203125,-0.03570556640625,0.91778564453125
1737030172208226.0,-0.48138427734375,-0.0430908203125,0.90081787109375
1737030172208231.0,-0.4901123046875,-0.0477294921875,0.86773681640625
1737030172208234.0,-0.50726318359375,-0.054443359375,0.8509521484375
1737030172252208.0,-0.5262451171875,-0.0458984375,0.82843017578125
1737030172252214.0,-0.53607177734375,-0.05206298828125,0.83404541015625
1737030172252221.0,-0.55084228515625,-0.0518798828125,0.830810546875
1737030172315303.0,-0.556884765625,-0.0574951171875,0.8345947265625
1737030172315310.0,-0.5743408203125,-0.05059814453125,0.78240966796875
1737030172315314.0,-0.58544921875,-0.05377197265625,0.7752685546875
1737030172379473.0,-0.60491943359375,-0.05120849609375,0.75714111328125
1737030172379487.0,-0.61322021484375,-0.0546875,0.77716064453125
1737030172379502.0,-0.62158203125,-0.05670166015625,0.8009033203125
1737030172421459.0,-0.62451171875,-0.04168701171875,0.7628173828125
1737030172421468.0,-0.63580322265625,-0.03973388671875,0.70501708984375
1737030172421476.0,-0.65826416015625,-0.058349609375,0.71673583984375
1737030172485289.0,-0.65966796875,-0.08685302734375,0.71832275390625
1737030172485294.0,-0.667724609375,-0.09283447265625,0.69622802734375
1737030172485297.0,-0.6680908203125,-0.07928466796875,0.70086669921875
1737030172549247.0,-0.6824951171875,-0.06951904296875,0.70367431640625
1737030172549259.0,-0.68719482421875,-0.08197021484375,0.72247314453125
1737030172549262.0,-0.6912841796875,-0.08258056640625,0.71148681640625
1737030172592694.0,-0.69232177734375,-0.076416015625,0.70361328125
1737030172592760.0,-0.70068359375,-0.07562255859375,0.692138671875
1737030172592776.0,-0.716064453125,-0.08685302734375,0.68218994140625
1737030172657782.0,-0.72515869140625,-0.09063720703125,0.6962890625
1737030172657791.0,-0.718505859375,-0.0758056640625,0.6773681640625
1737030172657798.0,-0.732666015625,-0.05865478515625,0.658203125
1737030172700591.0,-0.74578857421875,-0.0523681640625,0.61328125
1737030172700597.0,-0.7518310546875,-0.07611083984375,0.58990478515625
1737030172700602.0,-0.76287841796875,-0.10162353515625,0.61431884765625
1737030172766237.0,-0.7703857421875,-0.11712646484375,0.61785888671875
1737030172766243.0,-0.7762451171875,-0.11993408203125,0.6197509765625
1737030172766246.0,-0.7818603515625,-0.1129150390625,0.58624267578125
1737030172830297.0,-0.79296875,-0.111572265625,0.57208251953125
1737030172830349.0,-0.79449462890625,-0.125244140625,0.55194091796875
1737030172830340.0,-0.7928466796875,-0.11553955078125,0.5535888671875
1737030172874269.0,-0.7967529296875,-0.13134765625,0.57861328125
1737030172874276.0,-0.79937744140625,-0.11492919921875,0.56634521484375
1737030172874281.0,-0.81231689453125,-0.1156005859375,0.53985595703125
1737030172937254.0,-0.817138671875,-0.12957763671875,0.499755859375
1737030172937262.0,-0.8238525390625,-0.1348876953125,0.507568359375
1737030172937258.0,-0.822509765625,-0.13922119140625,0.50665283203125
1737030173005196.0,-0.82794189453125,-0.13323974609375,0.5230712890625
1737030173005231.0,-0.82891845703125,-0.1307373046875,0.5234375
1737030173005249.0,-0.838134765625,-0.15472412109375,0.5006103515625
1737030173026310.0,-0.84100341796875,-0.1610107421875,0.48590087890625
1737030173026321.0,-0.831298828125,-0.1580810546875,0.476806640625
1737030173026327.0,-0.8289794921875,-0.15460205078125,0.5001220703125
1737030173111266.0,-0.83331298828125,-0.1671142578125,0.52392578125
1737030173111275.0,-0.833740234375,-0.175048828125,0.52154541015625
1737030173111279.0,-0.8272705078125,-0.16552734375,0.5015869140625
1737030173152600.0,-0.83184814453125,-0.132568359375,0.47589111328125
1737030173152613.0,-0.8232421875,-0.10028076171875,0.503173828125
1737030173152619.0,-0.8170166015625,-0.07513427734375,0.53363037109375
1737030173217245.0,-0.807861328125,-0.06341552734375,0.53277587890625
1737030173217249.0,-0.794921875,-0.06317138671875,0.54815673828125
1737030173217252.0,-0.7816162109375,-0.04498291015625,0.5455322265625
1737030173261203.0,-0.77374267578125,-0.05462646484375,0.5704345703125
1737030173261224.0,-0.7633056640625,-0.066650390625,0.5885009765625
1737030173261253.0,-0.75555419921875,-0.076904296875,0.620849609375
1737030173324234.0,-0.72674560546875,-0.05938720703125,0.6202392578125
1737030173324243.0,-0.71136474609375,-0.0716552734375,0.69696044921875
1737030173324239.0,-0.71820068359375,-0.05145263671875,0.64471435546875
1737030173388271.0,-0.706298828125,-0.0782470703125,0.7156982421875
1737030173388276.0,-0.68963623046875,-0.0675048828125,0.71038818359375
1737030173388278.0,-0.6771240234375,-0.05291748046875,0.6861572265625
1737030173430253.0,-0.6708984375,-0.0380859375,0.66656494140625
1737030173430269.0,-0.6373291015625,-0.02239990234375,0.71514892578125
1737030173430261.0,-0.65570068359375,-0.029541015625,0.661865234375
1737030173495285.0,-0.6077880859375,-0.0179443359375,0.76165771484375
1737030173495289.0,-0.58526611328125,-0.01629638671875,0.79693603515625
1737030173495292.0,-0.56524658203125,-0.01300048828125,0.8331298828125
1737030173558424.0,-0.54339599609375,0.0048828125,0.86334228515625
1737030173558437.0,-0.50921630859375,0.0030517578125,0.9395751953125
1737030173558432.0,-0.5245361328125,0.01153564453125,0.92205810546875
1737030173602329.0,-0.49786376953125,-0.0164794921875,0.93450927734375
1737030173602341.0,-0.4935302734375,-0.02056884765625,0.9122314453125
1737030173602347.0,-0.4903564453125,-0.0213623046875,0.91845703125
1737030173644570.0,-0.48712158203125,-0.02874755859375,0.92437744140625
1737030173644588.0,-0.49383544921875,-0.0560302734375,0.90460205078125
1737030173644582.0,-0.49200439453125,-0.04559326171875,0.92413330078125
1737030173708379.0,-0.48736572265625,-0.067626953125,0.89715576171875
1737030173708383.0,-0.49261474609375,-0.06781005859375,0.8702392578125
1737030173708386.0,-0.513671875,-0.07122802734375,0.8773193359375
1737030173771272.0,-0.4886474609375,-0.07635498046875,0.8494873046875
1737030173771276.0,-0.48822021484375,-0.09930419921875,0.8460693359375
1737030173771280.0,-0.48388671875,-0.11822509765625,0.86260986328125
1737030173813276.0,-0.48565673828125,-0.13104248046875,0.8875732421875
1737030173813281.0,-0.4912109375,-0.139892578125,0.875732421875
1737030173813269.0,-0.4832763671875,-0.12640380859375,0.8818359375
1737030173878549.0,-0.4788818359375,-0.14239501953125,0.8453369140625
1737030173878560.0,-0.4705810546875,-0.1591796875,0.88836669921875
1737030173878567.0,-0.4742431640625,-0.1446533203125,0.8326416015625
1737030173941406.0,-0.485595703125,-0.14996337890625,0.84735107421875
1737030173941417.0,-0.48492431640625,-0.15545654296875,0.88232421875
1737030173941421.0,-0.48187255859375,-0.15118408203125,0.88519287109375
1737030174005198.0,-0.46783447265625,-0.15802001953125,0.88409423828125
1737030174005226.0,-0.4556884765625,-0.16473388671875,0.8709716796875
1737030174005233.0,-0.4581298828125,-0.1727294921875,0.8668212890625
1737030174047261.0,-0.4539794921875,-0.181640625,0.88427734375
1737030174047269.0,-0.4549560546875,-0.18377685546875,0.90362548828125
1737030174047284.0,-0.45318603515625,-0.1793212890625,0.89044189453125
1737030174091247.0,-0.4593505859375,-0.1790771484375,0.87579345703125
1737030174091254.0,-0.455322265625,-0.18524169921875,0.896240234375
1737030174091258.0,-0.4627685546875,-0.19061279296875,0.8914794921875
1737030174155478.0,-0.45806884765625,-0.18719482421875,0.8702392578125
1737030174155492.0,-0.45819091796875,-0.177001953125,0.86163330078125
1737030174155498.0,-0.46405029296875,-0.17510986328125,0.86126708984375
1737030174200870.0,-0.46636962890625,-0.1798095703125,0.8636474609375
1737030174200994.0,-0.46588134765625,-0.1805419921875,0.862060546875
1737030174201004.0,-0.467041015625,-0.17999267578125,0.86016845703125
1737030174264254.0,-0.46868896484375,-0.18548583984375,0.86114501953125
1737030174264258.0,-0.48114013671875,-0.197509765625,0.855712890625
1737030174264261.0,-0.4744873046875,-0.2120361328125,0.85150146484375
1737030174328216.0,-0.47833251953125,-0.2127685546875,0.8304443359375
1737030174328223.0,-0.4912109375,-0.21307373046875,0.82763671875
1737030174328231.0,-0.48834228515625,-0.21533203125,0.829345703125
1737030174372243.0,-0.4915771484375,-0.23358154296875,0.82000732421875
1737030174372247.0,-0.49407958984375,-0.2474365234375,0.8076171875
1737030174372250.0,-0.5067138671875,-0.2596435546875,0.80926513671875
1737030174435426.0,-0.5087890625,-0.2698974609375,0.7969970703125
1737030174435442.0,-0.5076904296875,-0.27288818359375,0.801025390625
1737030174435489.0,-0.5106201171875,-0.27178955078125,0.80255126953125
1737030174499250.0,-0.50860595703125,-0.2694091796875,0.80126953125
1737030174499257.0,-0.5054931640625,-0.25396728515625,0.794189453125
1737030174499261.0,-0.50872802734375,-0.23712158203125,0.8065185546875
1737030174541227.0,-0.51202392578125,-0.2237548828125,0.81573486328125
1737030174541236.0,-0.49517822265625,-0.21875,0.83270263671875
1737030174541233.0,-0.50445556640625,-0.22491455078125,0.83685302734375
1737030174605289.0,-0.49267578125,-0.2220458984375,0.8438720703125
1737030174605293.0,-0.4854736328125,-0.23541259765625,0.84307861328125
1737030174605297.0,-0.4793701171875,-0.26007080078125,0.83929443359375
1737030174647245.0,-0.48187255859375,-0.28021240234375,0.83282470703125
1737030174647249.0,-0.4825439453125,-0.29522705078125,0.8377685546875
1737030174647252.0,-0.487060546875,-0.30908203125,0.83538818359375
1737030174711236.0,-0.485107421875,-0.31024169921875,0.81683349609375
1737030174711242.0,-0.4954833984375,-0.30474853515625,0.82177734375
1737030174711245.0,-0.50494384765625,-0.2864990234375,0.8131103515625
1737030174774233.0,-0.51434326171875,-0.272705078125,0.80316162109375
1737030174774238.0,-0.52520751953125,-0.28082275390625,0.7845458984375
1737030174774240.0,-0.53045654296875,-0.29803466796875,0.76422119140625
1737030174817288.0,-0.5330810546875,-0.31005859375,0.73431396484375
1737030174817298.0,-0.53424072265625,-0.316162109375,0.728271484375
1737030174817303.0,-0.533447265625,-0.32537841796875,0.76202392578125
1737030174891315.0,-0.5225830078125,-0.3223876953125,0.77813720703125
1737030174891322.0,-0.515625,-0.32733154296875,0.78466796875
1737030174891331.0,-0.5106201171875,-0.32952880859375,0.804443359375
1737030174934537.0,-0.5118408203125,-0.33477783203125,0.7938232421875
1737030174934545.0,-0.51129150390625,-0.3292236328125,0.77117919921875
1737030174934553.0,-0.52423095703125,-0.32598876953125,0.78436279296875
1737030174976304.0,-0.5308837890625,-0.3172607421875,0.78131103515625
1737030174976314.0,-0.5391845703125,-0.31201171875,0.7916259765625
1737030174976320.0,-0.54559326171875,-0.30224609375,0.78839111328125
1737030175040417.0,-0.53656005859375,-0.295166015625,0.77154541015625
1737030175040426.0,-0.54864501953125,-0.29241943359375,0.77520751953125
1737030175040471.0,-0.54766845703125,-0.2869873046875,0.81671142578125
1737030175126257.0,-0.5595703125,-0.26910400390625,0.7266845703125
1737030175126268.0,-0.569091796875,-0.26434326171875,0.74285888671875
1737030175126275.0,-0.57568359375,-0.2633056640625,0.7535400390625
1737030175168241.0,-0.57421875,-0.2542724609375,0.7464599609375
1737030175168249.0,-0.576416015625,-0.25299072265625,0.754638671875
1737030175168246.0,-0.57366943359375,-0.25335693359375,0.7625732421875
1737030175211192.0,-0.56756591796875,-0.2623291015625,0.748046875
1737030175211196.0,-0.57073974609375,-0.28057861328125,0.74267578125
1737030175211199.0,-0.5726318359375,-0.2945556640625,0.739013671875
1737030175276243.0,-0.57489013671875,-0.30841064453125,0.74468994140625
1737030175276248.0,-0.57305908203125,-0.316162109375,0.74554443359375
1737030175276251.0,-0.57269287109375,-0.324462890625,0.745361328125
1737030175340403.0,-0.5723876953125,-0.32745361328125,0.734375
1737030175340411.0,-0.57861328125,-0.32861328125,0.74310302734375
1737030175340419.0,-0.58355712890625,-0.32476806640625,0.73944091796875
1737030175383354.0,-0.58245849609375,-0.31512451171875,0.7421875
1737030175383380.0,-0.5828857421875,-0.29937744140625,0.74786376953125
1737030175383431.0,-0.57275390625,-0.294677734375,0.737548828125
1737030175427640.0,-0.56890869140625,-0.29559326171875,0.7239990234375
1737030175427648.0,-0.5682373046875,-0.314208984375,0.7275390625
1737030175427654.0,-0.5631103515625,-0.33294677734375,0.72479248046875
1737030175491223.0,-0.5609130859375,-0.34027099609375,0.73486328125
1737030175491227.0,-0.55548095703125,-0.33831787109375,0.7445068359375
1737030175491230.0,-0.5555419921875,-0.34259033203125,0.74755859375
1737030175534244.0,-0.56341552734375,-0.35693359375,0.7554931640625
1737030175534252.0,-0.564697265625,-0.36541748046875,0.7579345703125
1737030175534257.0,-0.5595703125,-0.3583984375,0.748046875
1737030175597240.0,-0.56097412109375,-0.3343505859375,0.736572265625
1737030175597243.0,-0.5621337890625,-0.322265625,0.7388916015625
1737030175597236.0,-0.5548095703125,-0.34149169921875,0.73681640625
1737030175662300.0,-0.5582275390625,-0.3115234375,0.74072265625
1737030175662305.0,-0.56170654296875,-0.298583984375,0.7470703125
1737030175662307.0,-0.56427001953125,-0.29217529296875,0.75738525390625
1737030175728239.0,-0.56732177734375,-0.2982177734375,0.76824951171875
1737030175728276.0,-0.5648193359375,-0.30120849609375,0.765380859375
1737030175728284.0,-0.5599365234375,-0.302001953125,0.7550048828125
1737030175771325.0,-0.55657958984375,-0.2969970703125,0.75299072265625
1737030175771329.0,-0.5611572265625,-0.3009033203125,0.75506591796875
1737030175771332.0,-0.570556640625,-0.30828857421875,0.76129150390625
1737030175835263.0,-0.5777587890625,-0.3133544921875,0.7674560546875
1737030175835269.0,-0.5782470703125,-0.31292724609375,0.759521484375
1737030175835272.0,-0.56756591796875,-0.310791015625,0.7457275390625
1737030175877248.0,-0.55462646484375,-0.30657958984375,0.7374267578125
1737030175877260.0,-0.55047607421875,-0.31390380859375,0.75250244140625
1737030175877254.0,-0.55609130859375,-0.31243896484375,0.74993896484375
1737030175942491.0,-0.553466796875,-0.30914306640625,0.75732421875
1737030175942504.0,-0.550537109375,-0.30413818359375,0.76458740234375
1737030175942542.0,-0.55340576171875,-0.30377197265625,0.7623291015625
1737030175984529.0,-0.5496826171875,-0.3094482421875,0.76751708984375
1737030175984537.0,-0.5574951171875,-0.30963134765625,0.779052734375
1737030175984545.0,-0.5684814453125,-0.3028564453125,0.7921142578125
1737030176047909.0,-0.57330322265625,-0.30645751953125,0.7938232421875
1737030176047921.0,-0.5787353515625,-0.3035888671875,0.78314208984375
1737030176047930.0,-0.57147216796875,-0.291259765625,0.771484375
1737030176111202.0,-0.56085205078125,-0.29400634765625,0.754638671875
1737030176111228.0,-0.55035400390625,-0.28839111328125,0.759765625
1737030176111232.0,-0.53515625,-0.29052734375,0.75860595703125
1737030176155269.0,-0.53021240234375,-0.2738037109375,0.76763916015625
1737030176155276.0,-0.52032470703125,-0.272216796875,0.77056884765625
1737030176155279.0,-0.5164794921875,-0.2703857421875,0.77850341796875
1737030176219844.0,-0.5189208984375,-0.27313232421875,0.78338623046875
1737030176219851.0,-0.5338134765625,-0.2908935546875,0.783447265625
1737030176219872.0,-0.54693603515625,-0.29412841796875,0.7852783203125
1737030176283260.0,-0.55413818359375,-0.27020263671875,0.7864990234375
1737030176283265.0,-0.55755615234375,-0.25726318359375,0.78924560546875
1737030176283268.0,-0.54730224609375,-0.26251220703125,0.76904296875
1737030176327329.0,-0.53436279296875,-0.29449462890625,0.75390625
1737030176327337.0,-0.5386962890625,-0.32427978515625,0.754150390625
1737030176327334.0,-0.54071044921875,-0.3304443359375,0.75714111328125
1737030176390287.0,-0.5469970703125,-0.3094482421875,0.75091552734375
1737030176390292.0,-0.559326171875,-0.30523681640625,0.7337646484375
1737030176390294.0,-0.57208251953125,-0.3275146484375,0.7215576171875
1737030176435301.0,-0.57879638671875,-0.3414306640625,0.7178955078125
1737030176435309.0,-0.57476806640625,-0.34027099609375,0.701904296875
1737030176435313.0,-0.5579833984375,-0.340576171875,0.68707275390625
1737030176499291.0,-0.55999755859375,-0.35601806640625,0.7015380859375
1737030176499320.0,-0.5589599609375,-0.36920166015625,0.71405029296875
1737030176499328.0,-0.55194091796875,-0.3836669921875,0.733642578125
1737030176544491.0,-0.53900146484375,-0.39251708984375,0.73822021484375
1737030176544506.0,-0.54718017578125,-0.3924560546875,0.760986328125
1737030176544515.0,-0.5531005859375,-0.4010009765625,0.74188232421875
1737030176609288.0,-0.5670166015625,-0.410400390625,0.73675537109375
1737030176609292.0,-0.57330322265625,-0.41259765625,0.7293701171875
1737030176609294.0,-0.5830078125,-0.4110107421875,0.7216796875
1737030176674261.0,-0.59417724609375,-0.396240234375,0.72308349609375
1737030176674267.0,-0.595947265625,-0.3795166015625,0.70355224609375
1737030176674270.0,-0.592041015625,-0.36163330078125,0.67620849609375
1737030176717314.0,-0.59112548828125,-0.36480712890625,0.67657470703125
1737030176717323.0,-0.6029052734375,-0.35479736328125,0.70697021484375
1737030176717330.0,-0.5985107421875,-0.35015869140625,0.698974609375
1737030176761309.0,-0.5947265625,-0.32879638671875,0.70574951171875
1737030176761313.0,-0.59295654296875,-0.31964111328125,0.715087890625
1737030176761316.0,-0.58673095703125,-0.31982421875,0.72283935546875
1737030176824789.0,-0.57440185546875,-0.3199462890625,0.7193603515625
1737030176824817.0,-0.58258056640625,-0.3402099609375,0.7476806640625
1737030176824839.0,-0.58782958984375,-0.35284423828125,0.7474365234375
1737030176887458.0,-0.58221435546875,-0.3424072265625,0.7249755859375
1737030176887470.0,-0.58251953125,-0.33160400390625,0.713134765625
1737030176887490.0,-0.584716796875,-0.33575439453125,0.6982421875
1737030176930488.0,-0.58319091796875,-0.35015869140625,0.6932373046875
1737030176930498.0,-0.5946044921875,-0.36773681640625,0.70025634765625
1737030176930503.0,-0.60369873046875,-0.35675048828125,0.69775390625
1737030176995283.0,-0.6160888671875,-0.355224609375,0.6650390625
1737030176995289.0,-0.63116455078125,-0.37286376953125,0.6640625
1737030176995277.0,-0.60968017578125,-0.3494873046875,0.6781005859375
1737030177061277.0,-0.63958740234375,-0.36590576171875,0.6800537109375
1737030177061285.0,-0.63897705078125,-0.35723876953125,0.68182373046875
1737030177061290.0,-0.6400146484375,-0.36126708984375,0.67852783203125
1737030177105385.0,-0.64788818359375,-0.34991455078125,0.68695068359375
1737030177105391.0,-0.6593017578125,-0.3424072265625,0.7083740234375
1737030177105400.0,-0.65679931640625,-0.34075927734375,0.703369140625
1737030177168308.0,-0.62158203125,-0.319091796875,0.663330078125
1737030177168321.0,-0.60321044921875,-0.33428955078125,0.676513671875
1737030177168316.0,-0.596435546875,-0.33026123046875,0.65142822265625
1737030177231632.0,-0.61041259765625,-0.33416748046875,0.69683837890625
1737030177231643.0,-0.6094970703125,-0.3182373046875,0.69342041015625
1737030177231649.0,-0.60394287109375,-0.31170654296875,0.6966552734375
1737030177274316.0,-0.59765625,-0.31707763671875,0.703125
1737030177274326.0,-0.590576171875,-0.3216552734375,0.72296142578125
1737030177274335.0,-0.58782958984375,-0.313232421875,0.7313232421875
1737030177316276.0,-0.59765625,-0.303955078125,0.74652099609375
1737030177316280.0,-0.5953369140625,-0.27996826171875,0.73638916015625
1737030177316283.0,-0.60443115234375,-0.26446533203125,0.74835205078125
1737030177381427.0,-0.62115478515625,-0.2554931640625,0.75408935546875
1737030177381437.0,-0.6336669921875,-0.2576904296875,0.75067138671875
1737030177381446.0,-0.62677001953125,-0.27203369140625,0.7576904296875
1737030177446291.0,-0.609130859375,-0.3031005859375,0.7840576171875
1737030177446333.0,-0.60284423828125,-0.3355712890625,0.79071044921875
1737030177446339.0,-0.60858154296875,-0.359619140625,0.780517578125
1737030177490267.0,-0.62823486328125,-0.36151123046875,0.76568603515625
1737030177490274.0,-0.63739013671875,-0.3477783203125,0.726806640625
1737030177490276.0,-0.65887451171875,-0.33367919921875,0.68798828125
1737030177555282.0,-0.6685791015625,-0.32611083984375,0.6416015625
1737030177555287.0,-0.68212890625,-0.29779052734375,0.5947265625
1737030177555290.0,-0.693603515625,-0.2833251953125,0.560791015625
1737030177619260.0,-0.702392578125,-0.28607177734375,0.50604248046875
1737030177619265.0,-0.70977783203125,-0.2880859375,0.47894287109375
1737030177619270.0,-0.71478271484375,-0.29010009765625,0.46002197265625
1737030177662262.0,-0.71356201171875,-0.27587890625,0.47540283203125
1737030177662267.0,-0.73382568359375,-0.26611328125,0.5155029296875
1737030177662271.0,-0.759521484375,-0.249267578125,0.55682373046875
1737030177727577.0,-0.793701171875,-0.17816162109375,0.53057861328125
1737030177727568.0,-0.78167724609375,-0.23065185546875,0.53741455078125
1737030177727582.0,-0.79217529296875,-0.1422119140625,0.53033447265625
1737030177769414.0,-0.78033447265625,-0.10235595703125,0.5230712890625
1737030177769422.0,-0.74554443359375,-0.088623046875,0.533935546875
1737030177769427.0,-0.71990966796875,-0.10772705078125,0.54083251953125
1737030177832301.0,-0.65301513671875,0.00177001953125,0.61236572265625
1737030177832304.0,-0.6387939453125,-0.00030517578125,0.65576171875
1737030177832284.0,-0.683837890625,-0.06658935546875,0.56231689453125
1737030177875290.0,-0.6240234375,-0.0341796875,0.6810302734375
1737030177875296.0,-0.59783935546875,-0.09307861328125,0.71734619140625
1737030177875300.0,-0.5751953125,-0.19561767578125,0.7996826171875
1737030177959317.0,-0.55865478515625,-0.22576904296875,0.8702392578125
1737030177959321.0,-0.537353515625,-0.2735595703125,0.8812255859375
1737030177959325.0,-0.52178955078125,-0.36468505859375,0.89044189453125
1737030178003433.0,-0.5181884765625,-0.39697265625,0.9034423828125
1737030178003440.0,-0.51422119140625,-0.3917236328125,0.89483642578125
1737030178003444.0,-0.5177001953125,-0.38995361328125,0.89752197265625
1737030178067754.0,-0.48870849609375,-0.3759765625,0.87762451171875
1737030178067739.0,-0.50970458984375,-0.37542724609375,0.89056396484375
1737030178067761.0,-0.4810791015625,-0.3782958984375,0.859130859375
1737030178109301.0,-0.475830078125,-0.3707275390625,0.8519287109375
1737030178109305.0,-0.471923828125,-0.332763671875,0.8560791015625
1737030178109308.0,-0.46307373046875,-0.2923583984375,0.8492431640625
1737030178173286.0,-0.44903564453125,-0.2684326171875,0.85791015625
1737030178173292.0,-0.449462890625,-0.2581787109375,0.86346435546875
1737030178173297.0,-0.46234130859375,-0.2484130859375,0.87060546875
1737030178216279.0,-0.47735595703125,-0.253662109375,0.8660888671875
1737030178216296.0,-0.4879150390625,-0.26007080078125,0.86651611328125
1737030178216302.0,-0.4964599609375,-0.24676513671875,0.86181640625
1737030178281705.0,-0.49566650390625,-0.2364501953125,0.84112548828125
1737030178281717.0,-0.4947509765625,-0.2166748046875,0.829833984375
1737030178281726.0,-0.5013427734375,-0.213134765625,0.8173828125
1737030178324468.0,-0.5106201171875,-0.20257568359375,0.8148193359375
1737030178324484.0,-0.5078125,-0.18756103515625,0.8228759765625
1737030178324476.0,-0.5111083984375,-0.19647216796875,0.81207275390625
1737030178387321.0,-0.50469970703125,-0.18603515625,0.82501220703125
1737030178387329.0,-0.5174560546875,-0.197265625,0.84930419921875
1737030178387335.0,-0.5181884765625,-0.202880859375,0.84515380859375
1737030178431809.0,-0.50775146484375,-0.18927001953125,0.85687255859375
1737030178431816.0,-0.49981689453125,-0.17779541015625,0.86395263671875
1737030178431824.0,-0.4891357421875,-0.17864990234375,0.87127685546875
1737030178496292.0,-0.49273681640625,-0.1820068359375,0.88140869140625
1737030178496301.0,-0.50885009765625,-0.204345703125,0.88427734375
1737030178496309.0,-0.514404296875,-0.22296142578125,0.873291015625
1737030178560269.0,-0.5263671875,-0.23291015625,0.85589599609375
1737030178560274.0,-0.5382080078125,-0.23236083984375,0.8433837890625
1737030178560276.0,-0.541015625,-0.21759033203125,0.81134033203125
1737030178603471.0,-0.55169677734375,-0.21630859375,0.79052734375
1737030178603483.0,-0.5718994140625,-0.22088623046875,0.78753662109375
1737030178603557.0,-0.56610107421875,-0.20843505859375,0.78179931640625
1737030178668217.0,-0.5631103515625,-0.1964111328125,0.7757568359375
1737030178668223.0,-0.5611572265625,-0.18988037109375,0.76910400390625
1737030178668229.0,-0.56396484375,-0.197509765625,0.78912353515625
1737030178711410.0,-0.5587158203125,-0.19744873046875,0.78961181640625
1737030178711427.0,-0.55889892578125,-0.18829345703125,0.79638671875
1737030178711433.0,-0.55450439453125,-0.1881103515625,0.79522705078125
1737030178775362.0,-0.5723876953125,-0.20550537109375,0.7791748046875
1737030178775349.0,-0.55328369140625,-0.19049072265625,0.79010009765625
1737030178775355.0,-0.5625,-0.19482421875,0.78277587890625
1737030178840248.0,-0.58087158203125,-0.2098388671875,0.77899169921875
1737030178840283.0,-0.58001708984375,-0.20465087890625,0.7744140625
1737030178840287.0,-0.5777587890625,-0.2003173828125,0.76165771484375
1737030178904499.0,-0.5892333984375,-0.19140625,0.7669677734375
1737030178904509.0,-0.59149169921875,-0.18609619140625,0.77069091796875
1737030178904515.0,-0.59063720703125,-0.1844482421875,0.7679443359375
1737030178948809.0,-0.5933837890625,-0.18780517578125,0.7667236328125
1737030178948819.0,-0.5860595703125,-0.1954345703125,0.7728271484375
1737030178948826.0,-0.58392333984375,-0.195068359375,0.77301025390625
1737030179011537.0,-0.5860595703125,-0.18939208984375,0.779052734375
1737030179011546.0,-0.57733154296875,-0.1956787109375,0.7725830078125
1737030179011553.0,-0.57843017578125,-0.20343017578125,0.77447509765625
1737030179075444.0,-0.5799560546875,-0.207275390625,0.77679443359375
1737030179075451.0,-0.5816650390625,-0.20867919921875,0.7760009765625
1737030179075457.0,-0.58282470703125,-0.21142578125,0.7724609375
1737030179119294.0,-0.58245849609375,-0.21697998046875,0.76959228515625
1737030179119298.0,-0.58209228515625,-0.21630859375,0.77001953125
1737030179119301.0,-0.58538818359375,-0.225830078125,0.76873779296875
1737030179183317.0,-0.5845947265625,-0.22296142578125,0.767822265625
1737030179183327.0,-0.58624267578125,-0.226318359375,0.75665283203125
1737030179183337.0,-0.5848388671875,-0.2283935546875,0.75933837890625
1737030179225499.0,-0.5855712890625,-0.2342529296875,0.767333984375
1737030179225507.0,-0.58074951171875,-0.228759765625,0.76495361328125
1737030179225512.0,-0.57977294921875,-0.2296142578125,0.76055908203125
1737030179268574.0,-0.57879638671875,-0.22283935546875,0.76239013671875
1737030179268582.0,-0.57476806640625,-0.2239990234375,0.77008056640625
1737030179268588.0,-0.5675048828125,-0.2183837890625,0.77618408203125
1737030179330308.0,-0.57220458984375,-0.21478271484375,0.7774658203125
1737030179330317.0,-0.57635498046875,-0.22052001953125,0.775146484375
1737030179330325.0,-0.57696533203125,-0.23480224609375,0.78240966796875
1737030179395322.0,-0.569091796875,-0.22991943359375,0.7867431640625
1737030179395337.0,-0.57080078125,-0.2298583984375,0.7855224609375
1737030179395345.0,-0.57025146484375,-0.23980712890625,0.77752685546875
1737030179438311.0,-0.57574462890625,-0.25640869140625,0.76141357421875
1737030179438317.0,-0.5701904296875,-0.26470947265625,0.7398681640625
1737030179438319.0,-0.5657958984375,-0.2618408203125,0.732177734375
1737030179525303.0,-0.55340576171875,-0.268798828125,0.76983642578125
1737030179525307.0,-0.5401611328125,-0.26031494140625,0.78314208984375
1737030179525310.0,-0.532470703125,-0.2354736328125,0.79144287109375
1737030179568303.0,-0.5283203125,-0.22064208984375,0.81298828125
1737030179568311.0,-0.52764892578125,-0.1959228515625,0.82647705078125
1737030179568317.0,-0.52630615234375,-0.1787109375,0.8167724609375
1737030179610317.0,-0.52349853515625,-0.178955078125,0.810302734375
1737030179610321.0,-0.52874755859375,-0.17999267578125,0.8079833984375
1737030179610325.0,-0.52978515625,-0.1839599609375,0.82696533203125
1737030179673294.0,-0.5233154296875,-0.17498779296875,0.8447265625
1737030179673298.0,-0.5213623046875,-0.169189453125,0.8336181640625
1737030179673302.0,-0.5235595703125,-0.1756591796875,0.82513427734375
1737030179716412.0,-0.51678466796875,-0.18841552734375,0.82330322265625
1737030179716418.0,-0.51824951171875,-0.20416259765625,0.85321044921875
1737030179716421.0,-0.5133056640625,-0.20538330078125,0.8482666015625
1737030179780051.0,-0.50860595703125,-0.20648193359375,0.831787109375
1737030179780061.0,-0.50848388671875,-0.2078857421875,0.8153076171875
1737030179780068.0,-0.511474609375,-0.21514892578125,0.8260498046875
1737030179842304.0,-0.50958251953125,-0.2183837890625,0.84033203125
1737030179842312.0,-0.5106201171875,-0.228759765625,0.83740234375
1737030179842316.0,-0.50537109375,-0.2364501953125,0.8277587890625
1737030179887455.0,-0.50006103515625,-0.23577880859375,0.82293701171875
1737030179887461.0,-0.50531005859375,-0.24029541015625,0.8194580078125
1737030179887466.0,-0.50396728515625,-0.2449951171875,0.8182373046875
1737030179950379.0,-0.50787353515625,-0.2449951171875,0.82586669921875
1737030179950388.0,-0.50018310546875,-0.2410888671875,0.822998046875
1737030179950396.0,-0.50042724609375,-0.2392578125,0.82208251953125
1737030179996352.0,-0.49822998046875,-0.25054931640625,0.82257080078125
1737030179996313.0,-0.4984130859375,-0.24749755859375,0.82550048828125
1737030179996337.0,-0.5,-0.24951171875,0.82476806640625
1737030180061261.0,-0.49853515625,-0.24261474609375,0.82818603515625
1737030180061276.0,-0.49798583984375,-0.23345947265625,0.83349609375
1737030180061284.0,-0.4906005859375,-0.2379150390625,0.826416015625
1737030180124302.0,-0.4921875,-0.2445068359375,0.8214111328125
1737030180124307.0,-0.4964599609375,-0.25042724609375,0.83404541015625
1737030180124309.0,-0.4964599609375,-0.25927734375,0.82781982421875
1737030180168290.0,-0.50177001953125,-0.257568359375,0.82464599609375
1737030180168294.0,-0.5030517578125,-0.25360107421875,0.82489013671875
1737030180168301.0,-0.498779296875,-0.248046875,0.82000732421875
1737030180211453.0,-0.49517822265625,-0.2513427734375,0.8162841796875
1737030180211461.0,-0.4976806640625,-0.25469970703125,0.81597900390625
1737030180211467.0,-0.492431640625,-0.25396728515625,0.8280029296875
1737030180275292.0,-0.49383544921875,-0.26202392578125,0.82861328125
1737030180275297.0,-0.49139404296875,-0.25494384765625,0.8287353515625
1737030180275301.0,-0.48980712890625,-0.2462158203125,0.8187255859375
1737030180339412.0,-0.48760986328125,-0.24560546875,0.814697265625
1737030180339424.0,-0.4910888671875,-0.2408447265625,0.824951171875
1737030180339432.0,-0.489990234375,-0.23046875,0.8338623046875
1737030180382440.0,-0.486328125,-0.22808837890625,0.83740234375
1737030180382510.0,-0.486083984375,-0.22808837890625,0.83563232421875
1737030180382518.0,-0.48797607421875,-0.22332763671875,0.83062744140625
1737030180445319.0,-0.4896240234375,-0.2276611328125,0.8330078125
1737030180445327.0,-0.48956298828125,-0.2274169921875,0.8348388671875
1737030180445354.0,-0.48583984375,-0.2310791015625,0.83990478515625
1737030180509318.0,-0.48602294921875,-0.23046875,0.83795166015625
1737030180509314.0,-0.48687744140625,-0.2347412109375,0.83721923828125
1737030180509320.0,-0.489990234375,-0.23101806640625,0.83673095703125
1737030180573339.0,-0.48529052734375,-0.2315673828125,0.83575439453125
1737030180573369.0,-0.48492431640625,-0.22705078125,0.83367919921875
1737030180573377.0,-0.49072265625,-0.22418212890625,0.8282470703125
1737030180617287.0,-0.4910888671875,-0.2191162109375,0.8270263671875
1737030180617292.0,-0.4932861328125,-0.21502685546875,0.8231201171875
1737030180617295.0,-0.49591064453125,-0.21710205078125,0.8157958984375
1737030180682351.0,-0.49456787109375,-0.21551513671875,0.8154296875
1737030180682372.0,-0.4918212890625,-0.213134765625,0.8082275390625
1737030180682393.0,-0.48712158203125,-0.21905517578125,0.8082275390625
1737030180725548.0,-0.46484375,-0.23748779296875,0.83599853515625
1737030180725560.0,-0.464599609375,-0.23675537109375,0.84674072265625
1737030180725525.0,-0.47802734375,-0.224853515625,0.818603515625
1737030180769254.0,-0.46136474609375,-0.24273681640625,0.8514404296875
1737030180769665.0,-0.45819091796875,-0.2427978515625,0.86016845703125
1737030180769735.0,-0.45733642578125,-0.2431640625,0.85870361328125
1737030180832290.0,-0.45928955078125,-0.24261474609375,0.858642578125
1737030180832295.0,-0.45843505859375,-0.2420654296875,0.8603515625
1737030180832298.0,-0.4549560546875,-0.2445068359375,0.85955810546875
1737030180895271.0,-0.45159912109375,-0.244384765625,0.86102294921875
1737030180895275.0,-0.44915771484375,-0.2469482421875,0.8681640625
1737030180895278.0,-0.44659423828125,-0.24560546875,0.8680419921875
1737030180958662.0,-0.44390869140625,-0.2479248046875,0.86309814453125
1737030180958816.0,-0.43975830078125,-0.25347900390625,0.85540771484375
1737030180958854.0,-0.4439697265625,-0.25726318359375,0.859130859375
1737030181022540.0,-0.44677734375,-0.26025390625,0.84539794921875
1737030181022592.0,-0.44952392578125,-0.2578125,0.84478759765625
1737030181022606.0,-0.44927978515625,-0.2550048828125,0.8421630859375
1737030181065281.0,-0.44744873046875,-0.25726318359375,0.8502197265625
1737030181065285.0,-0.44683837890625,-0.25750732421875,0.8536376953125
1737030181065302.0,-0.4423828125,-0.26214599609375,0.85687255859375
1737030181130284.0,-0.43853759765625,-0.26385498046875,0.85247802734375
1737030181130291.0,-0.43548583984375,-0.2640380859375,0.854736328125
1737030181130294.0,-0.4337158203125,-0.26141357421875,0.8629150390625
1737030181173318.0,-0.4373779296875,-0.25762939453125,0.8580322265625
1737030181173322.0,-0.4345703125,-0.259521484375,0.8570556640625
1737030181173324.0,-0.436279296875,-0.2606201171875,0.8590087890625
1737030181217283.0,-0.43597412109375,-0.2584228515625,0.86346435546875
